filename,label
alphabet/train_images/Alef-Bold_65.png,65
alphabet/train_images/Alice-Regular_65.png,65
"alphabet/train_images/AnekGurmukhi-VariableFont_wdth,wght_65.png",65
alphabet/train_images/AsapCondensed-Black_65.png,65
alphabet/train_images/Asar-Regular_65.png,65
alphabet/train_images/CinzelDecorative-Bold_65.png,65
alphabet/train_images/ComicNeue-LightItalic_65.png,65
alphabet/train_images/CormorantGaramond-Regular_65.png,65
alphabet/train_images/CormorantSC-Regular_65.png,65
alphabet/train_images/Delius-Regular_65.png,65
alphabet/train_images/DenkOne-Regular_65.png,65
alphabet/train_images/Dhurjati-Regular_65.png,65
alphabet/train_images/DMMono-LightItalic_65.png,65
alphabet/train_images/Eczar-VariableFont_wght_65.png,65
alphabet/train_images/FaunaOne-Regular_65.png,65
alphabet/train_images/FjordOne-Regular_65.png,65
alphabet/train_images/Fondamento-Regular_65.png,65
alphabet/train_images/Gabriela-Regular_65.png,65
alphabet/train_images/Galdeano-Regular_65.png,65
alphabet/train_images/Gayathri-Regular_65.png,65
alphabet/train_images/GentiumBookPlus-Regular_65.png,65
alphabet/train_images/Gotu-Regular_65.png,65
alphabet/train_images/Grandstander-Italic-VariableFont_wght_65.png,65
alphabet/train_images/Hubballi-Regular_65.png,65
alphabet/train_images/IMFellDoublePicaSC-Regular_65.png,65
alphabet/train_images/Italiana-Regular_65.png,65
alphabet/train_images/JuliusSansOne-Regular_65.png,65
alphabet/train_images/KohSantepheap-Bold_65.png,65
alphabet/train_images/Koulen-Regular_65.png,65
alphabet/train_images/Lateef-ExtraBold_65.png,65
alphabet/train_images/Lato-Black_65.png,65
alphabet/train_images/Lato-BoldItalic_65.png,65
alphabet/train_images/Lato-Bold_65.png,65
alphabet/train_images/Lato-Light_65.png,65
alphabet/train_images/Lato-Regular_65.png,65
alphabet/train_images/Merienda-VariableFont_wght_65.png,65
alphabet/train_images/Montserrat-Italic-VariableFont_wght_65.png,65
alphabet/train_images/NovaCut-Regular_65.png,65
alphabet/train_images/NovaMono-Regular_65.png,65
"alphabet/train_images/OpenSans-Italic-VariableFont_wdth,wght_65.png",65
alphabet/train_images/OverpassMono-VariableFont_wght_65.png,65
alphabet/train_images/Oxanium-VariableFont_wght_65.png,65
alphabet/train_images/Paprika-Regular_65.png,65
alphabet/train_images/Phudu-VariableFont_wght_65.png,65
alphabet/train_images/PoiretOne-Regular_65.png,65
alphabet/train_images/Prompt-BlackItalic_65.png,65
alphabet/train_images/PTSansNarrow-Bold_65.png,65
alphabet/train_images/PurplePurse-Regular_65.png,65
alphabet/train_images/RobotoMono-Italic-VariableFont_wght_65.png,65
alphabet/train_images/Rubik-VariableFont_wght_65.png,65
alphabet/train_images/Sansita-Italic_65.png,65
alphabet/train_images/ShadowsIntoLight-Regular_65.png,65
alphabet/train_images/ShortBaby_65.png,65
alphabet/train_images/SigmarOne-Regular_65.png,65
alphabet/train_images/SofadiOne-Regular_65.png,65
alphabet/train_images/Sofia-Regular_65.png,65
alphabet/train_images/SourceCodePro-Italic-VariableFont_wght_65.png,65
alphabet/train_images/SuezOne-Regular_65.png,65
alphabet/train_images/Suwannaphum-Regular_65.png,65
alphabet/train_images/Syncopate-Bold_65.png,65
alphabet/train_images/TitilliumWeb-BoldItalic_65.png,65
alphabet/train_images/Unbounded-VariableFont_wght_65.png,65
alphabet/train_images/YatraOne-Regular_65.png,65
alphabet/train_images/YoungSerif-Regular_65.png,65
alphabet/train_images/YujiSyuku-Regular_65.png,65
alphabet/train_images/ZCOOLXiaoWei-Regular_65.png,65
alphabet/train_images/Alef-Bold_66.png,66
alphabet/train_images/Alice-Regular_66.png,66
"alphabet/train_images/AnekGurmukhi-VariableFont_wdth,wght_66.png",66
alphabet/train_images/AsapCondensed-Black_66.png,66
alphabet/train_images/Asar-Regular_66.png,66
alphabet/train_images/CinzelDecorative-Bold_66.png,66
alphabet/train_images/ComicNeue-LightItalic_66.png,66
alphabet/train_images/CormorantGaramond-Regular_66.png,66
alphabet/train_images/CormorantSC-Regular_66.png,66
alphabet/train_images/Delius-Regular_66.png,66
alphabet/train_images/DenkOne-Regular_66.png,66
alphabet/train_images/Dhurjati-Regular_66.png,66
alphabet/train_images/DMMono-LightItalic_66.png,66
alphabet/train_images/Eczar-VariableFont_wght_66.png,66
alphabet/train_images/FaunaOne-Regular_66.png,66
alphabet/train_images/FjordOne-Regular_66.png,66
alphabet/train_images/Fondamento-Regular_66.png,66
alphabet/train_images/Gabriela-Regular_66.png,66
alphabet/train_images/Galdeano-Regular_66.png,66
alphabet/train_images/Gayathri-Regular_66.png,66
alphabet/train_images/GentiumBookPlus-Regular_66.png,66
alphabet/train_images/Gotu-Regular_66.png,66
alphabet/train_images/Grandstander-Italic-VariableFont_wght_66.png,66
alphabet/train_images/Hubballi-Regular_66.png,66
alphabet/train_images/IMFellDoublePicaSC-Regular_66.png,66
alphabet/train_images/Italiana-Regular_66.png,66
alphabet/train_images/JuliusSansOne-Regular_66.png,66
alphabet/train_images/KohSantepheap-Bold_66.png,66
alphabet/train_images/Koulen-Regular_66.png,66
alphabet/train_images/Lateef-ExtraBold_66.png,66
alphabet/train_images/Lato-Black_66.png,66
alphabet/train_images/Lato-BoldItalic_66.png,66
alphabet/train_images/Lato-Bold_66.png,66
alphabet/train_images/Lato-Light_66.png,66
alphabet/train_images/Lato-Regular_66.png,66
alphabet/train_images/Merienda-VariableFont_wght_66.png,66
alphabet/train_images/Montserrat-Italic-VariableFont_wght_66.png,66
alphabet/train_images/NovaCut-Regular_66.png,66
alphabet/train_images/NovaMono-Regular_66.png,66
"alphabet/train_images/OpenSans-Italic-VariableFont_wdth,wght_66.png",66
alphabet/train_images/OverpassMono-VariableFont_wght_66.png,66
alphabet/train_images/Oxanium-VariableFont_wght_66.png,66
alphabet/train_images/Paprika-Regular_66.png,66
alphabet/train_images/Phudu-VariableFont_wght_66.png,66
alphabet/train_images/PoiretOne-Regular_66.png,66
alphabet/train_images/Prompt-BlackItalic_66.png,66
alphabet/train_images/PTSansNarrow-Bold_66.png,66
alphabet/train_images/PurplePurse-Regular_66.png,66
alphabet/train_images/RobotoMono-Italic-VariableFont_wght_66.png,66
alphabet/train_images/Rubik-VariableFont_wght_66.png,66
alphabet/train_images/Sansita-Italic_66.png,66
alphabet/train_images/ShadowsIntoLight-Regular_66.png,66
alphabet/train_images/ShortBaby_66.png,66
alphabet/train_images/SigmarOne-Regular_66.png,66
alphabet/train_images/SofadiOne-Regular_66.png,66
alphabet/train_images/Sofia-Regular_66.png,66
alphabet/train_images/SourceCodePro-Italic-VariableFont_wght_66.png,66
alphabet/train_images/SuezOne-Regular_66.png,66
alphabet/train_images/Suwannaphum-Regular_66.png,66
alphabet/train_images/Syncopate-Bold_66.png,66
alphabet/train_images/TitilliumWeb-BoldItalic_66.png,66
alphabet/train_images/Unbounded-VariableFont_wght_66.png,66
alphabet/train_images/YatraOne-Regular_66.png,66
alphabet/train_images/YoungSerif-Regular_66.png,66
alphabet/train_images/YujiSyuku-Regular_66.png,66
alphabet/train_images/ZCOOLXiaoWei-Regular_66.png,66
alphabet/train_images/Alef-Bold_67.png,67
alphabet/train_images/Alice-Regular_67.png,67
"alphabet/train_images/AnekGurmukhi-VariableFont_wdth,wght_67.png",67
alphabet/train_images/AsapCondensed-Black_67.png,67
alphabet/train_images/Asar-Regular_67.png,67
alphabet/train_images/CinzelDecorative-Bold_67.png,67
alphabet/train_images/ComicNeue-LightItalic_67.png,67
alphabet/train_images/CormorantGaramond-Regular_67.png,67
alphabet/train_images/CormorantSC-Regular_67.png,67
alphabet/train_images/Delius-Regular_67.png,67
alphabet/train_images/DenkOne-Regular_67.png,67
alphabet/train_images/Dhurjati-Regular_67.png,67
alphabet/train_images/DMMono-LightItalic_67.png,67
alphabet/train_images/Eczar-VariableFont_wght_67.png,67
alphabet/train_images/FaunaOne-Regular_67.png,67
alphabet/train_images/FjordOne-Regular_67.png,67
alphabet/train_images/Fondamento-Regular_67.png,67
alphabet/train_images/Gabriela-Regular_67.png,67
alphabet/train_images/Galdeano-Regular_67.png,67
alphabet/train_images/Gayathri-Regular_67.png,67
alphabet/train_images/GentiumBookPlus-Regular_67.png,67
alphabet/train_images/Gotu-Regular_67.png,67
alphabet/train_images/Grandstander-Italic-VariableFont_wght_67.png,67
alphabet/train_images/Hubballi-Regular_67.png,67
alphabet/train_images/IMFellDoublePicaSC-Regular_67.png,67
alphabet/train_images/Italiana-Regular_67.png,67
alphabet/train_images/JuliusSansOne-Regular_67.png,67
alphabet/train_images/KohSantepheap-Bold_67.png,67
alphabet/train_images/Koulen-Regular_67.png,67
alphabet/train_images/Lateef-ExtraBold_67.png,67
alphabet/train_images/Lato-Black_67.png,67
alphabet/train_images/Lato-BoldItalic_67.png,67
alphabet/train_images/Lato-Bold_67.png,67
alphabet/train_images/Lato-Light_67.png,67
alphabet/train_images/Lato-Regular_67.png,67
alphabet/train_images/Merienda-VariableFont_wght_67.png,67
alphabet/train_images/Montserrat-Italic-VariableFont_wght_67.png,67
alphabet/train_images/NovaCut-Regular_67.png,67
alphabet/train_images/NovaMono-Regular_67.png,67
"alphabet/train_images/OpenSans-Italic-VariableFont_wdth,wght_67.png",67
alphabet/train_images/OverpassMono-VariableFont_wght_67.png,67
alphabet/train_images/Oxanium-VariableFont_wght_67.png,67
alphabet/train_images/Paprika-Regular_67.png,67
alphabet/train_images/Phudu-VariableFont_wght_67.png,67
alphabet/train_images/PoiretOne-Regular_67.png,67
alphabet/train_images/Prompt-BlackItalic_67.png,67
alphabet/train_images/PTSansNarrow-Bold_67.png,67
alphabet/train_images/PurplePurse-Regular_67.png,67
alphabet/train_images/RobotoMono-Italic-VariableFont_wght_67.png,67
alphabet/train_images/Rubik-VariableFont_wght_67.png,67
alphabet/train_images/Sansita-Italic_67.png,67
alphabet/train_images/ShadowsIntoLight-Regular_67.png,67
alphabet/train_images/ShortBaby_67.png,67
alphabet/train_images/SigmarOne-Regular_67.png,67
alphabet/train_images/SofadiOne-Regular_67.png,67
alphabet/train_images/Sofia-Regular_67.png,67
alphabet/train_images/SourceCodePro-Italic-VariableFont_wght_67.png,67
alphabet/train_images/SuezOne-Regular_67.png,67
alphabet/train_images/Suwannaphum-Regular_67.png,67
alphabet/train_images/Syncopate-Bold_67.png,67
alphabet/train_images/TitilliumWeb-BoldItalic_67.png,67
alphabet/train_images/Unbounded-VariableFont_wght_67.png,67
alphabet/train_images/YatraOne-Regular_67.png,67
alphabet/train_images/YoungSerif-Regular_67.png,67
alphabet/train_images/YujiSyuku-Regular_67.png,67
alphabet/train_images/ZCOOLXiaoWei-Regular_67.png,67
alphabet/train_images/Alef-Bold_68.png,68
alphabet/train_images/Alice-Regular_68.png,68
"alphabet/train_images/AnekGurmukhi-VariableFont_wdth,wght_68.png",68
alphabet/train_images/AsapCondensed-Black_68.png,68
alphabet/train_images/Asar-Regular_68.png,68
alphabet/train_images/CinzelDecorative-Bold_68.png,68
alphabet/train_images/ComicNeue-LightItalic_68.png,68
alphabet/train_images/CormorantGaramond-Regular_68.png,68
alphabet/train_images/CormorantSC-Regular_68.png,68
alphabet/train_images/Delius-Regular_68.png,68
alphabet/train_images/DenkOne-Regular_68.png,68
alphabet/train_images/Dhurjati-Regular_68.png,68
alphabet/train_images/DMMono-LightItalic_68.png,68
alphabet/train_images/Eczar-VariableFont_wght_68.png,68
alphabet/train_images/FaunaOne-Regular_68.png,68
alphabet/train_images/FjordOne-Regular_68.png,68
alphabet/train_images/Fondamento-Regular_68.png,68
alphabet/train_images/Gabriela-Regular_68.png,68
alphabet/train_images/Galdeano-Regular_68.png,68
alphabet/train_images/Gayathri-Regular_68.png,68
alphabet/train_images/GentiumBookPlus-Regular_68.png,68
alphabet/train_images/Gotu-Regular_68.png,68
alphabet/train_images/Grandstander-Italic-VariableFont_wght_68.png,68
alphabet/train_images/Hubballi-Regular_68.png,68
alphabet/train_images/IMFellDoublePicaSC-Regular_68.png,68
alphabet/train_images/Italiana-Regular_68.png,68
alphabet/train_images/JuliusSansOne-Regular_68.png,68
alphabet/train_images/KohSantepheap-Bold_68.png,68
alphabet/train_images/Koulen-Regular_68.png,68
alphabet/train_images/Lateef-ExtraBold_68.png,68
alphabet/train_images/Lato-Black_68.png,68
alphabet/train_images/Lato-BoldItalic_68.png,68
alphabet/train_images/Lato-Bold_68.png,68
alphabet/train_images/Lato-Light_68.png,68
alphabet/train_images/Lato-Regular_68.png,68
alphabet/train_images/Merienda-VariableFont_wght_68.png,68
alphabet/train_images/Montserrat-Italic-VariableFont_wght_68.png,68
alphabet/train_images/NovaCut-Regular_68.png,68
alphabet/train_images/NovaMono-Regular_68.png,68
"alphabet/train_images/OpenSans-Italic-VariableFont_wdth,wght_68.png",68
alphabet/train_images/OverpassMono-VariableFont_wght_68.png,68
alphabet/train_images/Oxanium-VariableFont_wght_68.png,68
alphabet/train_images/Paprika-Regular_68.png,68
alphabet/train_images/Phudu-VariableFont_wght_68.png,68
alphabet/train_images/PoiretOne-Regular_68.png,68
alphabet/train_images/Prompt-BlackItalic_68.png,68
alphabet/train_images/PTSansNarrow-Bold_68.png,68
alphabet/train_images/PurplePurse-Regular_68.png,68
alphabet/train_images/RobotoMono-Italic-VariableFont_wght_68.png,68
alphabet/train_images/Rubik-VariableFont_wght_68.png,68
alphabet/train_images/Sansita-Italic_68.png,68
alphabet/train_images/ShadowsIntoLight-Regular_68.png,68
alphabet/train_images/ShortBaby_68.png,68
alphabet/train_images/SigmarOne-Regular_68.png,68
alphabet/train_images/SofadiOne-Regular_68.png,68
alphabet/train_images/Sofia-Regular_68.png,68
alphabet/train_images/SourceCodePro-Italic-VariableFont_wght_68.png,68
alphabet/train_images/SuezOne-Regular_68.png,68
alphabet/train_images/Suwannaphum-Regular_68.png,68
alphabet/train_images/Syncopate-Bold_68.png,68
alphabet/train_images/TitilliumWeb-BoldItalic_68.png,68
alphabet/train_images/Unbounded-VariableFont_wght_68.png,68
alphabet/train_images/YatraOne-Regular_68.png,68
alphabet/train_images/YoungSerif-Regular_68.png,68
alphabet/train_images/YujiSyuku-Regular_68.png,68
alphabet/train_images/ZCOOLXiaoWei-Regular_68.png,68
alphabet/train_images/Alef-Bold_69.png,69
alphabet/train_images/Alice-Regular_69.png,69
"alphabet/train_images/AnekGurmukhi-VariableFont_wdth,wght_69.png",69
alphabet/train_images/AsapCondensed-Black_69.png,69
alphabet/train_images/Asar-Regular_69.png,69
alphabet/train_images/CinzelDecorative-Bold_69.png,69
alphabet/train_images/ComicNeue-LightItalic_69.png,69
alphabet/train_images/CormorantGaramond-Regular_69.png,69
alphabet/train_images/CormorantSC-Regular_69.png,69
alphabet/train_images/Delius-Regular_69.png,69
alphabet/train_images/DenkOne-Regular_69.png,69
alphabet/train_images/Dhurjati-Regular_69.png,69
alphabet/train_images/DMMono-LightItalic_69.png,69
alphabet/train_images/Eczar-VariableFont_wght_69.png,69
alphabet/train_images/FaunaOne-Regular_69.png,69
alphabet/train_images/FjordOne-Regular_69.png,69
alphabet/train_images/Fondamento-Regular_69.png,69
alphabet/train_images/Gabriela-Regular_69.png,69
alphabet/train_images/Galdeano-Regular_69.png,69
alphabet/train_images/Gayathri-Regular_69.png,69
alphabet/train_images/GentiumBookPlus-Regular_69.png,69
alphabet/train_images/Gotu-Regular_69.png,69
alphabet/train_images/Grandstander-Italic-VariableFont_wght_69.png,69
alphabet/train_images/Hubballi-Regular_69.png,69
alphabet/train_images/IMFellDoublePicaSC-Regular_69.png,69
alphabet/train_images/Italiana-Regular_69.png,69
alphabet/train_images/JuliusSansOne-Regular_69.png,69
alphabet/train_images/KohSantepheap-Bold_69.png,69
alphabet/train_images/Koulen-Regular_69.png,69
alphabet/train_images/Lateef-ExtraBold_69.png,69
alphabet/train_images/Lato-Black_69.png,69
alphabet/train_images/Lato-BoldItalic_69.png,69
alphabet/train_images/Lato-Bold_69.png,69
alphabet/train_images/Lato-Light_69.png,69
alphabet/train_images/Lato-Regular_69.png,69
alphabet/train_images/Merienda-VariableFont_wght_69.png,69
alphabet/train_images/Montserrat-Italic-VariableFont_wght_69.png,69
alphabet/train_images/NovaCut-Regular_69.png,69
alphabet/train_images/NovaMono-Regular_69.png,69
"alphabet/train_images/OpenSans-Italic-VariableFont_wdth,wght_69.png",69
alphabet/train_images/OverpassMono-VariableFont_wght_69.png,69
alphabet/train_images/Oxanium-VariableFont_wght_69.png,69
alphabet/train_images/Paprika-Regular_69.png,69
alphabet/train_images/Phudu-VariableFont_wght_69.png,69
alphabet/train_images/PoiretOne-Regular_69.png,69
alphabet/train_images/Prompt-BlackItalic_69.png,69
alphabet/train_images/PTSansNarrow-Bold_69.png,69
alphabet/train_images/PurplePurse-Regular_69.png,69
alphabet/train_images/RobotoMono-Italic-VariableFont_wght_69.png,69
alphabet/train_images/Rubik-VariableFont_wght_69.png,69
alphabet/train_images/Sansita-Italic_69.png,69
alphabet/train_images/ShadowsIntoLight-Regular_69.png,69
alphabet/train_images/ShortBaby_69.png,69
alphabet/train_images/SigmarOne-Regular_69.png,69
alphabet/train_images/SofadiOne-Regular_69.png,69
alphabet/train_images/Sofia-Regular_69.png,69
alphabet/train_images/SourceCodePro-Italic-VariableFont_wght_69.png,69
alphabet/train_images/SuezOne-Regular_69.png,69
alphabet/train_images/Suwannaphum-Regular_69.png,69
alphabet/train_images/Syncopate-Bold_69.png,69
alphabet/train_images/TitilliumWeb-BoldItalic_69.png,69
alphabet/train_images/Unbounded-VariableFont_wght_69.png,69
alphabet/train_images/YatraOne-Regular_69.png,69
alphabet/train_images/YoungSerif-Regular_69.png,69
alphabet/train_images/YujiSyuku-Regular_69.png,69
alphabet/train_images/ZCOOLXiaoWei-Regular_69.png,69
alphabet/train_images/Alef-Bold_70.png,70
alphabet/train_images/Alice-Regular_70.png,70
"alphabet/train_images/AnekGurmukhi-VariableFont_wdth,wght_70.png",70
alphabet/train_images/AsapCondensed-Black_70.png,70
alphabet/train_images/Asar-Regular_70.png,70
alphabet/train_images/CinzelDecorative-Bold_70.png,70
alphabet/train_images/ComicNeue-LightItalic_70.png,70
alphabet/train_images/CormorantGaramond-Regular_70.png,70
alphabet/train_images/CormorantSC-Regular_70.png,70
alphabet/train_images/Delius-Regular_70.png,70
alphabet/train_images/DenkOne-Regular_70.png,70
alphabet/train_images/Dhurjati-Regular_70.png,70
alphabet/train_images/DMMono-LightItalic_70.png,70
alphabet/train_images/Eczar-VariableFont_wght_70.png,70
alphabet/train_images/FaunaOne-Regular_70.png,70
alphabet/train_images/FjordOne-Regular_70.png,70
alphabet/train_images/Fondamento-Regular_70.png,70
alphabet/train_images/Gabriela-Regular_70.png,70
alphabet/train_images/Galdeano-Regular_70.png,70
alphabet/train_images/Gayathri-Regular_70.png,70
alphabet/train_images/GentiumBookPlus-Regular_70.png,70
alphabet/train_images/Gotu-Regular_70.png,70
alphabet/train_images/Grandstander-Italic-VariableFont_wght_70.png,70
alphabet/train_images/Hubballi-Regular_70.png,70
alphabet/train_images/IMFellDoublePicaSC-Regular_70.png,70
alphabet/train_images/Italiana-Regular_70.png,70
alphabet/train_images/JuliusSansOne-Regular_70.png,70
alphabet/train_images/KohSantepheap-Bold_70.png,70
alphabet/train_images/Koulen-Regular_70.png,70
alphabet/train_images/Lateef-ExtraBold_70.png,70
alphabet/train_images/Lato-Black_70.png,70
alphabet/train_images/Lato-BoldItalic_70.png,70
alphabet/train_images/Lato-Bold_70.png,70
alphabet/train_images/Lato-Light_70.png,70
alphabet/train_images/Lato-Regular_70.png,70
alphabet/train_images/Merienda-VariableFont_wght_70.png,70
alphabet/train_images/Montserrat-Italic-VariableFont_wght_70.png,70
alphabet/train_images/NovaCut-Regular_70.png,70
alphabet/train_images/NovaMono-Regular_70.png,70
"alphabet/train_images/OpenSans-Italic-VariableFont_wdth,wght_70.png",70
alphabet/train_images/OverpassMono-VariableFont_wght_70.png,70
alphabet/train_images/Oxanium-VariableFont_wght_70.png,70
alphabet/train_images/Paprika-Regular_70.png,70
alphabet/train_images/Phudu-VariableFont_wght_70.png,70
alphabet/train_images/PoiretOne-Regular_70.png,70
alphabet/train_images/Prompt-BlackItalic_70.png,70
alphabet/train_images/PTSansNarrow-Bold_70.png,70
alphabet/train_images/PurplePurse-Regular_70.png,70
alphabet/train_images/RobotoMono-Italic-VariableFont_wght_70.png,70
alphabet/train_images/Rubik-VariableFont_wght_70.png,70
alphabet/train_images/Sansita-Italic_70.png,70
alphabet/train_images/ShadowsIntoLight-Regular_70.png,70
alphabet/train_images/ShortBaby_70.png,70
alphabet/train_images/SigmarOne-Regular_70.png,70
alphabet/train_images/SofadiOne-Regular_70.png,70
alphabet/train_images/Sofia-Regular_70.png,70
alphabet/train_images/SourceCodePro-Italic-VariableFont_wght_70.png,70
alphabet/train_images/SuezOne-Regular_70.png,70
alphabet/train_images/Suwannaphum-Regular_70.png,70
alphabet/train_images/Syncopate-Bold_70.png,70
alphabet/train_images/TitilliumWeb-BoldItalic_70.png,70
alphabet/train_images/Unbounded-VariableFont_wght_70.png,70
alphabet/train_images/YatraOne-Regular_70.png,70
alphabet/train_images/YoungSerif-Regular_70.png,70
alphabet/train_images/YujiSyuku-Regular_70.png,70
alphabet/train_images/ZCOOLXiaoWei-Regular_70.png,70
alphabet/train_images/Alef-Bold_71.png,71
alphabet/train_images/Alice-Regular_71.png,71
"alphabet/train_images/AnekGurmukhi-VariableFont_wdth,wght_71.png",71
alphabet/train_images/AsapCondensed-Black_71.png,71
alphabet/train_images/Asar-Regular_71.png,71
alphabet/train_images/CinzelDecorative-Bold_71.png,71
alphabet/train_images/ComicNeue-LightItalic_71.png,71
alphabet/train_images/CormorantGaramond-Regular_71.png,71
alphabet/train_images/CormorantSC-Regular_71.png,71
alphabet/train_images/Delius-Regular_71.png,71
alphabet/train_images/DenkOne-Regular_71.png,71
alphabet/train_images/Dhurjati-Regular_71.png,71
alphabet/train_images/DMMono-LightItalic_71.png,71
alphabet/train_images/Eczar-VariableFont_wght_71.png,71
alphabet/train_images/FaunaOne-Regular_71.png,71
alphabet/train_images/FjordOne-Regular_71.png,71
alphabet/train_images/Fondamento-Regular_71.png,71
alphabet/train_images/Gabriela-Regular_71.png,71
alphabet/train_images/Galdeano-Regular_71.png,71
alphabet/train_images/Gayathri-Regular_71.png,71
alphabet/train_images/GentiumBookPlus-Regular_71.png,71
alphabet/train_images/Gotu-Regular_71.png,71
alphabet/train_images/Grandstander-Italic-VariableFont_wght_71.png,71
alphabet/train_images/Hubballi-Regular_71.png,71
alphabet/train_images/IMFellDoublePicaSC-Regular_71.png,71
alphabet/train_images/Italiana-Regular_71.png,71
alphabet/train_images/JuliusSansOne-Regular_71.png,71
alphabet/train_images/KohSantepheap-Bold_71.png,71
alphabet/train_images/Koulen-Regular_71.png,71
alphabet/train_images/Lateef-ExtraBold_71.png,71
alphabet/train_images/Lato-Black_71.png,71
alphabet/train_images/Lato-BoldItalic_71.png,71
alphabet/train_images/Lato-Bold_71.png,71
alphabet/train_images/Lato-Light_71.png,71
alphabet/train_images/Lato-Regular_71.png,71
alphabet/train_images/Merienda-VariableFont_wght_71.png,71
alphabet/train_images/Montserrat-Italic-VariableFont_wght_71.png,71
alphabet/train_images/NovaCut-Regular_71.png,71
alphabet/train_images/NovaMono-Regular_71.png,71
"alphabet/train_images/OpenSans-Italic-VariableFont_wdth,wght_71.png",71
alphabet/train_images/OverpassMono-VariableFont_wght_71.png,71
alphabet/train_images/Oxanium-VariableFont_wght_71.png,71
alphabet/train_images/Paprika-Regular_71.png,71
alphabet/train_images/Phudu-VariableFont_wght_71.png,71
alphabet/train_images/PoiretOne-Regular_71.png,71
alphabet/train_images/Prompt-BlackItalic_71.png,71
alphabet/train_images/PTSansNarrow-Bold_71.png,71
alphabet/train_images/PurplePurse-Regular_71.png,71
alphabet/train_images/RobotoMono-Italic-VariableFont_wght_71.png,71
alphabet/train_images/Rubik-VariableFont_wght_71.png,71
alphabet/train_images/Sansita-Italic_71.png,71
alphabet/train_images/ShadowsIntoLight-Regular_71.png,71
alphabet/train_images/ShortBaby_71.png,71
alphabet/train_images/SigmarOne-Regular_71.png,71
alphabet/train_images/SofadiOne-Regular_71.png,71
alphabet/train_images/Sofia-Regular_71.png,71
alphabet/train_images/SourceCodePro-Italic-VariableFont_wght_71.png,71
alphabet/train_images/SuezOne-Regular_71.png,71
alphabet/train_images/Suwannaphum-Regular_71.png,71
alphabet/train_images/Syncopate-Bold_71.png,71
alphabet/train_images/TitilliumWeb-BoldItalic_71.png,71
alphabet/train_images/Unbounded-VariableFont_wght_71.png,71
alphabet/train_images/YatraOne-Regular_71.png,71
alphabet/train_images/YoungSerif-Regular_71.png,71
alphabet/train_images/YujiSyuku-Regular_71.png,71
alphabet/train_images/ZCOOLXiaoWei-Regular_71.png,71
alphabet/train_images/Alef-Bold_72.png,72
alphabet/train_images/Alice-Regular_72.png,72
"alphabet/train_images/AnekGurmukhi-VariableFont_wdth,wght_72.png",72
alphabet/train_images/AsapCondensed-Black_72.png,72
alphabet/train_images/Asar-Regular_72.png,72
alphabet/train_images/CinzelDecorative-Bold_72.png,72
alphabet/train_images/ComicNeue-LightItalic_72.png,72
alphabet/train_images/CormorantGaramond-Regular_72.png,72
alphabet/train_images/CormorantSC-Regular_72.png,72
alphabet/train_images/Delius-Regular_72.png,72
alphabet/train_images/DenkOne-Regular_72.png,72
alphabet/train_images/Dhurjati-Regular_72.png,72
alphabet/train_images/DMMono-LightItalic_72.png,72
alphabet/train_images/Eczar-VariableFont_wght_72.png,72
alphabet/train_images/FaunaOne-Regular_72.png,72
alphabet/train_images/FjordOne-Regular_72.png,72
alphabet/train_images/Fondamento-Regular_72.png,72
alphabet/train_images/Gabriela-Regular_72.png,72
alphabet/train_images/Galdeano-Regular_72.png,72
alphabet/train_images/Gayathri-Regular_72.png,72
alphabet/train_images/GentiumBookPlus-Regular_72.png,72
alphabet/train_images/Gotu-Regular_72.png,72
alphabet/train_images/Grandstander-Italic-VariableFont_wght_72.png,72
alphabet/train_images/Hubballi-Regular_72.png,72
alphabet/train_images/IMFellDoublePicaSC-Regular_72.png,72
alphabet/train_images/Italiana-Regular_72.png,72
alphabet/train_images/JuliusSansOne-Regular_72.png,72
alphabet/train_images/KohSantepheap-Bold_72.png,72
alphabet/train_images/Koulen-Regular_72.png,72
alphabet/train_images/Lateef-ExtraBold_72.png,72
alphabet/train_images/Lato-Black_72.png,72
alphabet/train_images/Lato-BoldItalic_72.png,72
alphabet/train_images/Lato-Bold_72.png,72
alphabet/train_images/Lato-Light_72.png,72
alphabet/train_images/Lato-Regular_72.png,72
alphabet/train_images/Merienda-VariableFont_wght_72.png,72
alphabet/train_images/Montserrat-Italic-VariableFont_wght_72.png,72
alphabet/train_images/NovaCut-Regular_72.png,72
alphabet/train_images/NovaMono-Regular_72.png,72
"alphabet/train_images/OpenSans-Italic-VariableFont_wdth,wght_72.png",72
alphabet/train_images/OverpassMono-VariableFont_wght_72.png,72
alphabet/train_images/Oxanium-VariableFont_wght_72.png,72
alphabet/train_images/Paprika-Regular_72.png,72
alphabet/train_images/Phudu-VariableFont_wght_72.png,72
alphabet/train_images/PoiretOne-Regular_72.png,72
alphabet/train_images/Prompt-BlackItalic_72.png,72
alphabet/train_images/PTSansNarrow-Bold_72.png,72
alphabet/train_images/PurplePurse-Regular_72.png,72
alphabet/train_images/RobotoMono-Italic-VariableFont_wght_72.png,72
alphabet/train_images/Rubik-VariableFont_wght_72.png,72
alphabet/train_images/Sansita-Italic_72.png,72
alphabet/train_images/ShadowsIntoLight-Regular_72.png,72
alphabet/train_images/ShortBaby_72.png,72
alphabet/train_images/SigmarOne-Regular_72.png,72
alphabet/train_images/SofadiOne-Regular_72.png,72
alphabet/train_images/Sofia-Regular_72.png,72
alphabet/train_images/SourceCodePro-Italic-VariableFont_wght_72.png,72
alphabet/train_images/SuezOne-Regular_72.png,72
alphabet/train_images/Suwannaphum-Regular_72.png,72
alphabet/train_images/Syncopate-Bold_72.png,72
alphabet/train_images/TitilliumWeb-BoldItalic_72.png,72
alphabet/train_images/Unbounded-VariableFont_wght_72.png,72
alphabet/train_images/YatraOne-Regular_72.png,72
alphabet/train_images/YoungSerif-Regular_72.png,72
alphabet/train_images/YujiSyuku-Regular_72.png,72
alphabet/train_images/ZCOOLXiaoWei-Regular_72.png,72
alphabet/train_images/Alef-Bold_73.png,73
alphabet/train_images/Alice-Regular_73.png,73
"alphabet/train_images/AnekGurmukhi-VariableFont_wdth,wght_73.png",73
alphabet/train_images/AsapCondensed-Black_73.png,73
alphabet/train_images/Asar-Regular_73.png,73
alphabet/train_images/CinzelDecorative-Bold_73.png,73
alphabet/train_images/ComicNeue-LightItalic_73.png,73
alphabet/train_images/CormorantGaramond-Regular_73.png,73
alphabet/train_images/CormorantSC-Regular_73.png,73
alphabet/train_images/Delius-Regular_73.png,73
alphabet/train_images/DenkOne-Regular_73.png,73
alphabet/train_images/Dhurjati-Regular_73.png,73
alphabet/train_images/DMMono-LightItalic_73.png,73
alphabet/train_images/Eczar-VariableFont_wght_73.png,73
alphabet/train_images/FaunaOne-Regular_73.png,73
alphabet/train_images/FjordOne-Regular_73.png,73
alphabet/train_images/Fondamento-Regular_73.png,73
alphabet/train_images/Gabriela-Regular_73.png,73
alphabet/train_images/Galdeano-Regular_73.png,73
alphabet/train_images/Gayathri-Regular_73.png,73
alphabet/train_images/GentiumBookPlus-Regular_73.png,73
alphabet/train_images/Gotu-Regular_73.png,73
alphabet/train_images/Grandstander-Italic-VariableFont_wght_73.png,73
alphabet/train_images/Hubballi-Regular_73.png,73
alphabet/train_images/IMFellDoublePicaSC-Regular_73.png,73
alphabet/train_images/Italiana-Regular_73.png,73
alphabet/train_images/JuliusSansOne-Regular_73.png,73
alphabet/train_images/KohSantepheap-Bold_73.png,73
alphabet/train_images/Koulen-Regular_73.png,73
alphabet/train_images/Lateef-ExtraBold_73.png,73
alphabet/train_images/Lato-Black_73.png,73
alphabet/train_images/Lato-BoldItalic_73.png,73
alphabet/train_images/Lato-Bold_73.png,73
alphabet/train_images/Lato-Light_73.png,73
alphabet/train_images/Lato-Regular_73.png,73
alphabet/train_images/Merienda-VariableFont_wght_73.png,73
alphabet/train_images/Montserrat-Italic-VariableFont_wght_73.png,73
alphabet/train_images/NovaCut-Regular_73.png,73
alphabet/train_images/NovaMono-Regular_73.png,73
"alphabet/train_images/OpenSans-Italic-VariableFont_wdth,wght_73.png",73
alphabet/train_images/OverpassMono-VariableFont_wght_73.png,73
alphabet/train_images/Oxanium-VariableFont_wght_73.png,73
alphabet/train_images/Paprika-Regular_73.png,73
alphabet/train_images/Phudu-VariableFont_wght_73.png,73
alphabet/train_images/PoiretOne-Regular_73.png,73
alphabet/train_images/Prompt-BlackItalic_73.png,73
alphabet/train_images/PTSansNarrow-Bold_73.png,73
alphabet/train_images/PurplePurse-Regular_73.png,73
alphabet/train_images/RobotoMono-Italic-VariableFont_wght_73.png,73
alphabet/train_images/Rubik-VariableFont_wght_73.png,73
alphabet/train_images/Sansita-Italic_73.png,73
alphabet/train_images/ShadowsIntoLight-Regular_73.png,73
alphabet/train_images/ShortBaby_73.png,73
alphabet/train_images/SigmarOne-Regular_73.png,73
alphabet/train_images/SofadiOne-Regular_73.png,73
alphabet/train_images/Sofia-Regular_73.png,73
alphabet/train_images/SourceCodePro-Italic-VariableFont_wght_73.png,73
alphabet/train_images/SuezOne-Regular_73.png,73
alphabet/train_images/Suwannaphum-Regular_73.png,73
alphabet/train_images/Syncopate-Bold_73.png,73
alphabet/train_images/TitilliumWeb-BoldItalic_73.png,73
alphabet/train_images/Unbounded-VariableFont_wght_73.png,73
alphabet/train_images/YatraOne-Regular_73.png,73
alphabet/train_images/YoungSerif-Regular_73.png,73
alphabet/train_images/YujiSyuku-Regular_73.png,73
alphabet/train_images/ZCOOLXiaoWei-Regular_73.png,73
alphabet/train_images/Alef-Bold_74.png,74
alphabet/train_images/Alice-Regular_74.png,74
"alphabet/train_images/AnekGurmukhi-VariableFont_wdth,wght_74.png",74
alphabet/train_images/AsapCondensed-Black_74.png,74
alphabet/train_images/Asar-Regular_74.png,74
alphabet/train_images/CinzelDecorative-Bold_74.png,74
alphabet/train_images/ComicNeue-LightItalic_74.png,74
alphabet/train_images/CormorantGaramond-Regular_74.png,74
alphabet/train_images/CormorantSC-Regular_74.png,74
alphabet/train_images/Delius-Regular_74.png,74
alphabet/train_images/DenkOne-Regular_74.png,74
alphabet/train_images/Dhurjati-Regular_74.png,74
alphabet/train_images/DMMono-LightItalic_74.png,74
alphabet/train_images/Eczar-VariableFont_wght_74.png,74
alphabet/train_images/FaunaOne-Regular_74.png,74
alphabet/train_images/FjordOne-Regular_74.png,74
alphabet/train_images/Fondamento-Regular_74.png,74
alphabet/train_images/Gabriela-Regular_74.png,74
alphabet/train_images/Galdeano-Regular_74.png,74
alphabet/train_images/Gayathri-Regular_74.png,74
alphabet/train_images/GentiumBookPlus-Regular_74.png,74
alphabet/train_images/Gotu-Regular_74.png,74
alphabet/train_images/Grandstander-Italic-VariableFont_wght_74.png,74
alphabet/train_images/Hubballi-Regular_74.png,74
alphabet/train_images/IMFellDoublePicaSC-Regular_74.png,74
alphabet/train_images/Italiana-Regular_74.png,74
alphabet/train_images/JuliusSansOne-Regular_74.png,74
alphabet/train_images/KohSantepheap-Bold_74.png,74
alphabet/train_images/Koulen-Regular_74.png,74
alphabet/train_images/Lateef-ExtraBold_74.png,74
alphabet/train_images/Lato-Black_74.png,74
alphabet/train_images/Lato-BoldItalic_74.png,74
alphabet/train_images/Lato-Bold_74.png,74
alphabet/train_images/Lato-Light_74.png,74
alphabet/train_images/Lato-Regular_74.png,74
alphabet/train_images/Merienda-VariableFont_wght_74.png,74
alphabet/train_images/Montserrat-Italic-VariableFont_wght_74.png,74
alphabet/train_images/NovaCut-Regular_74.png,74
alphabet/train_images/NovaMono-Regular_74.png,74
"alphabet/train_images/OpenSans-Italic-VariableFont_wdth,wght_74.png",74
alphabet/train_images/OverpassMono-VariableFont_wght_74.png,74
alphabet/train_images/Oxanium-VariableFont_wght_74.png,74
alphabet/train_images/Paprika-Regular_74.png,74
alphabet/train_images/Phudu-VariableFont_wght_74.png,74
alphabet/train_images/PoiretOne-Regular_74.png,74
alphabet/train_images/Prompt-BlackItalic_74.png,74
alphabet/train_images/PTSansNarrow-Bold_74.png,74
alphabet/train_images/PurplePurse-Regular_74.png,74
alphabet/train_images/RobotoMono-Italic-VariableFont_wght_74.png,74
alphabet/train_images/Rubik-VariableFont_wght_74.png,74
alphabet/train_images/Sansita-Italic_74.png,74
alphabet/train_images/ShadowsIntoLight-Regular_74.png,74
alphabet/train_images/ShortBaby_74.png,74
alphabet/train_images/SigmarOne-Regular_74.png,74
alphabet/train_images/SofadiOne-Regular_74.png,74
alphabet/train_images/Sofia-Regular_74.png,74
alphabet/train_images/SourceCodePro-Italic-VariableFont_wght_74.png,74
alphabet/train_images/SuezOne-Regular_74.png,74
alphabet/train_images/Suwannaphum-Regular_74.png,74
alphabet/train_images/Syncopate-Bold_74.png,74
alphabet/train_images/TitilliumWeb-BoldItalic_74.png,74
alphabet/train_images/Unbounded-VariableFont_wght_74.png,74
alphabet/train_images/YatraOne-Regular_74.png,74
alphabet/train_images/YoungSerif-Regular_74.png,74
alphabet/train_images/YujiSyuku-Regular_74.png,74
alphabet/train_images/ZCOOLXiaoWei-Regular_74.png,74
alphabet/train_images/Alef-Bold_75.png,75
alphabet/train_images/Alice-Regular_75.png,75
"alphabet/train_images/AnekGurmukhi-VariableFont_wdth,wght_75.png",75
alphabet/train_images/AsapCondensed-Black_75.png,75
alphabet/train_images/Asar-Regular_75.png,75
alphabet/train_images/CinzelDecorative-Bold_75.png,75
alphabet/train_images/ComicNeue-LightItalic_75.png,75
alphabet/train_images/CormorantGaramond-Regular_75.png,75
alphabet/train_images/CormorantSC-Regular_75.png,75
alphabet/train_images/Delius-Regular_75.png,75
alphabet/train_images/DenkOne-Regular_75.png,75
alphabet/train_images/Dhurjati-Regular_75.png,75
alphabet/train_images/DMMono-LightItalic_75.png,75
alphabet/train_images/Eczar-VariableFont_wght_75.png,75
alphabet/train_images/FaunaOne-Regular_75.png,75
alphabet/train_images/FjordOne-Regular_75.png,75
alphabet/train_images/Fondamento-Regular_75.png,75
alphabet/train_images/Gabriela-Regular_75.png,75
alphabet/train_images/Galdeano-Regular_75.png,75
alphabet/train_images/Gayathri-Regular_75.png,75
alphabet/train_images/GentiumBookPlus-Regular_75.png,75
alphabet/train_images/Gotu-Regular_75.png,75
alphabet/train_images/Grandstander-Italic-VariableFont_wght_75.png,75
alphabet/train_images/Hubballi-Regular_75.png,75
alphabet/train_images/IMFellDoublePicaSC-Regular_75.png,75
alphabet/train_images/Italiana-Regular_75.png,75
alphabet/train_images/JuliusSansOne-Regular_75.png,75
alphabet/train_images/KohSantepheap-Bold_75.png,75
alphabet/train_images/Koulen-Regular_75.png,75
alphabet/train_images/Lateef-ExtraBold_75.png,75
alphabet/train_images/Lato-Black_75.png,75
alphabet/train_images/Lato-BoldItalic_75.png,75
alphabet/train_images/Lato-Bold_75.png,75
alphabet/train_images/Lato-Light_75.png,75
alphabet/train_images/Lato-Regular_75.png,75
alphabet/train_images/Merienda-VariableFont_wght_75.png,75
alphabet/train_images/Montserrat-Italic-VariableFont_wght_75.png,75
alphabet/train_images/NovaCut-Regular_75.png,75
alphabet/train_images/NovaMono-Regular_75.png,75
"alphabet/train_images/OpenSans-Italic-VariableFont_wdth,wght_75.png",75
alphabet/train_images/OverpassMono-VariableFont_wght_75.png,75
alphabet/train_images/Oxanium-VariableFont_wght_75.png,75
alphabet/train_images/Paprika-Regular_75.png,75
alphabet/train_images/Phudu-VariableFont_wght_75.png,75
alphabet/train_images/PoiretOne-Regular_75.png,75
alphabet/train_images/Prompt-BlackItalic_75.png,75
alphabet/train_images/PTSansNarrow-Bold_75.png,75
alphabet/train_images/PurplePurse-Regular_75.png,75
alphabet/train_images/RobotoMono-Italic-VariableFont_wght_75.png,75
alphabet/train_images/Rubik-VariableFont_wght_75.png,75
alphabet/train_images/Sansita-Italic_75.png,75
alphabet/train_images/ShadowsIntoLight-Regular_75.png,75
alphabet/train_images/ShortBaby_75.png,75
alphabet/train_images/SigmarOne-Regular_75.png,75
alphabet/train_images/SofadiOne-Regular_75.png,75
alphabet/train_images/Sofia-Regular_75.png,75
alphabet/train_images/SourceCodePro-Italic-VariableFont_wght_75.png,75
alphabet/train_images/SuezOne-Regular_75.png,75
alphabet/train_images/Suwannaphum-Regular_75.png,75
alphabet/train_images/Syncopate-Bold_75.png,75
alphabet/train_images/TitilliumWeb-BoldItalic_75.png,75
alphabet/train_images/Unbounded-VariableFont_wght_75.png,75
alphabet/train_images/YatraOne-Regular_75.png,75
alphabet/train_images/YoungSerif-Regular_75.png,75
alphabet/train_images/YujiSyuku-Regular_75.png,75
alphabet/train_images/ZCOOLXiaoWei-Regular_75.png,75
alphabet/train_images/Alef-Bold_76.png,76
alphabet/train_images/Alice-Regular_76.png,76
"alphabet/train_images/AnekGurmukhi-VariableFont_wdth,wght_76.png",76
alphabet/train_images/AsapCondensed-Black_76.png,76
alphabet/train_images/Asar-Regular_76.png,76
alphabet/train_images/CinzelDecorative-Bold_76.png,76
alphabet/train_images/ComicNeue-LightItalic_76.png,76
alphabet/train_images/CormorantGaramond-Regular_76.png,76
alphabet/train_images/CormorantSC-Regular_76.png,76
alphabet/train_images/Delius-Regular_76.png,76
alphabet/train_images/DenkOne-Regular_76.png,76
alphabet/train_images/Dhurjati-Regular_76.png,76
alphabet/train_images/DMMono-LightItalic_76.png,76
alphabet/train_images/Eczar-VariableFont_wght_76.png,76
alphabet/train_images/FaunaOne-Regular_76.png,76
alphabet/train_images/FjordOne-Regular_76.png,76
alphabet/train_images/Fondamento-Regular_76.png,76
alphabet/train_images/Gabriela-Regular_76.png,76
alphabet/train_images/Galdeano-Regular_76.png,76
alphabet/train_images/Gayathri-Regular_76.png,76
alphabet/train_images/GentiumBookPlus-Regular_76.png,76
alphabet/train_images/Gotu-Regular_76.png,76
alphabet/train_images/Grandstander-Italic-VariableFont_wght_76.png,76
alphabet/train_images/Hubballi-Regular_76.png,76
alphabet/train_images/IMFellDoublePicaSC-Regular_76.png,76
alphabet/train_images/Italiana-Regular_76.png,76
alphabet/train_images/JuliusSansOne-Regular_76.png,76
alphabet/train_images/KohSantepheap-Bold_76.png,76
alphabet/train_images/Koulen-Regular_76.png,76
alphabet/train_images/Lateef-ExtraBold_76.png,76
alphabet/train_images/Lato-Black_76.png,76
alphabet/train_images/Lato-BoldItalic_76.png,76
alphabet/train_images/Lato-Bold_76.png,76
alphabet/train_images/Lato-Light_76.png,76
alphabet/train_images/Lato-Regular_76.png,76
alphabet/train_images/Merienda-VariableFont_wght_76.png,76
alphabet/train_images/Montserrat-Italic-VariableFont_wght_76.png,76
alphabet/train_images/NovaCut-Regular_76.png,76
alphabet/train_images/NovaMono-Regular_76.png,76
"alphabet/train_images/OpenSans-Italic-VariableFont_wdth,wght_76.png",76
alphabet/train_images/OverpassMono-VariableFont_wght_76.png,76
alphabet/train_images/Oxanium-VariableFont_wght_76.png,76
alphabet/train_images/Paprika-Regular_76.png,76
alphabet/train_images/Phudu-VariableFont_wght_76.png,76
alphabet/train_images/PoiretOne-Regular_76.png,76
alphabet/train_images/Prompt-BlackItalic_76.png,76
alphabet/train_images/PTSansNarrow-Bold_76.png,76
alphabet/train_images/PurplePurse-Regular_76.png,76
alphabet/train_images/RobotoMono-Italic-VariableFont_wght_76.png,76
alphabet/train_images/Rubik-VariableFont_wght_76.png,76
alphabet/train_images/Sansita-Italic_76.png,76
alphabet/train_images/ShadowsIntoLight-Regular_76.png,76
alphabet/train_images/ShortBaby_76.png,76
alphabet/train_images/SigmarOne-Regular_76.png,76
alphabet/train_images/SofadiOne-Regular_76.png,76
alphabet/train_images/Sofia-Regular_76.png,76
alphabet/train_images/SourceCodePro-Italic-VariableFont_wght_76.png,76
alphabet/train_images/SuezOne-Regular_76.png,76
alphabet/train_images/Suwannaphum-Regular_76.png,76
alphabet/train_images/Syncopate-Bold_76.png,76
alphabet/train_images/TitilliumWeb-BoldItalic_76.png,76
alphabet/train_images/Unbounded-VariableFont_wght_76.png,76
alphabet/train_images/YatraOne-Regular_76.png,76
alphabet/train_images/YoungSerif-Regular_76.png,76
alphabet/train_images/YujiSyuku-Regular_76.png,76
alphabet/train_images/ZCOOLXiaoWei-Regular_76.png,76
alphabet/train_images/Alef-Bold_77.png,77
alphabet/train_images/Alice-Regular_77.png,77
"alphabet/train_images/AnekGurmukhi-VariableFont_wdth,wght_77.png",77
alphabet/train_images/AsapCondensed-Black_77.png,77
alphabet/train_images/Asar-Regular_77.png,77
alphabet/train_images/CinzelDecorative-Bold_77.png,77
alphabet/train_images/ComicNeue-LightItalic_77.png,77
alphabet/train_images/CormorantGaramond-Regular_77.png,77
alphabet/train_images/CormorantSC-Regular_77.png,77
alphabet/train_images/Delius-Regular_77.png,77
alphabet/train_images/DenkOne-Regular_77.png,77
alphabet/train_images/Dhurjati-Regular_77.png,77
alphabet/train_images/DMMono-LightItalic_77.png,77
alphabet/train_images/Eczar-VariableFont_wght_77.png,77
alphabet/train_images/FaunaOne-Regular_77.png,77
alphabet/train_images/FjordOne-Regular_77.png,77
alphabet/train_images/Fondamento-Regular_77.png,77
alphabet/train_images/Gabriela-Regular_77.png,77
alphabet/train_images/Galdeano-Regular_77.png,77
alphabet/train_images/Gayathri-Regular_77.png,77
alphabet/train_images/GentiumBookPlus-Regular_77.png,77
alphabet/train_images/Gotu-Regular_77.png,77
alphabet/train_images/Grandstander-Italic-VariableFont_wght_77.png,77
alphabet/train_images/Hubballi-Regular_77.png,77
alphabet/train_images/IMFellDoublePicaSC-Regular_77.png,77
alphabet/train_images/Italiana-Regular_77.png,77
alphabet/train_images/JuliusSansOne-Regular_77.png,77
alphabet/train_images/KohSantepheap-Bold_77.png,77
alphabet/train_images/Koulen-Regular_77.png,77
alphabet/train_images/Lateef-ExtraBold_77.png,77
alphabet/train_images/Lato-Black_77.png,77
alphabet/train_images/Lato-BoldItalic_77.png,77
alphabet/train_images/Lato-Bold_77.png,77
alphabet/train_images/Lato-Light_77.png,77
alphabet/train_images/Lato-Regular_77.png,77
alphabet/train_images/Merienda-VariableFont_wght_77.png,77
alphabet/train_images/Montserrat-Italic-VariableFont_wght_77.png,77
alphabet/train_images/NovaCut-Regular_77.png,77
alphabet/train_images/NovaMono-Regular_77.png,77
"alphabet/train_images/OpenSans-Italic-VariableFont_wdth,wght_77.png",77
alphabet/train_images/OverpassMono-VariableFont_wght_77.png,77
alphabet/train_images/Oxanium-VariableFont_wght_77.png,77
alphabet/train_images/Paprika-Regular_77.png,77
alphabet/train_images/Phudu-VariableFont_wght_77.png,77
alphabet/train_images/PoiretOne-Regular_77.png,77
alphabet/train_images/Prompt-BlackItalic_77.png,77
alphabet/train_images/PTSansNarrow-Bold_77.png,77
alphabet/train_images/PurplePurse-Regular_77.png,77
alphabet/train_images/RobotoMono-Italic-VariableFont_wght_77.png,77
alphabet/train_images/Rubik-VariableFont_wght_77.png,77
alphabet/train_images/Sansita-Italic_77.png,77
alphabet/train_images/ShadowsIntoLight-Regular_77.png,77
alphabet/train_images/ShortBaby_77.png,77
alphabet/train_images/SigmarOne-Regular_77.png,77
alphabet/train_images/SofadiOne-Regular_77.png,77
alphabet/train_images/Sofia-Regular_77.png,77
alphabet/train_images/SourceCodePro-Italic-VariableFont_wght_77.png,77
alphabet/train_images/SuezOne-Regular_77.png,77
alphabet/train_images/Suwannaphum-Regular_77.png,77
alphabet/train_images/Syncopate-Bold_77.png,77
alphabet/train_images/TitilliumWeb-BoldItalic_77.png,77
alphabet/train_images/Unbounded-VariableFont_wght_77.png,77
alphabet/train_images/YatraOne-Regular_77.png,77
alphabet/train_images/YoungSerif-Regular_77.png,77
alphabet/train_images/YujiSyuku-Regular_77.png,77
alphabet/train_images/ZCOOLXiaoWei-Regular_77.png,77
alphabet/train_images/Alef-Bold_78.png,78
alphabet/train_images/Alice-Regular_78.png,78
"alphabet/train_images/AnekGurmukhi-VariableFont_wdth,wght_78.png",78
alphabet/train_images/AsapCondensed-Black_78.png,78
alphabet/train_images/Asar-Regular_78.png,78
alphabet/train_images/CinzelDecorative-Bold_78.png,78
alphabet/train_images/ComicNeue-LightItalic_78.png,78
alphabet/train_images/CormorantGaramond-Regular_78.png,78
alphabet/train_images/CormorantSC-Regular_78.png,78
alphabet/train_images/Delius-Regular_78.png,78
alphabet/train_images/DenkOne-Regular_78.png,78
alphabet/train_images/Dhurjati-Regular_78.png,78
alphabet/train_images/DMMono-LightItalic_78.png,78
alphabet/train_images/Eczar-VariableFont_wght_78.png,78
alphabet/train_images/FaunaOne-Regular_78.png,78
alphabet/train_images/FjordOne-Regular_78.png,78
alphabet/train_images/Fondamento-Regular_78.png,78
alphabet/train_images/Gabriela-Regular_78.png,78
alphabet/train_images/Galdeano-Regular_78.png,78
alphabet/train_images/Gayathri-Regular_78.png,78
alphabet/train_images/GentiumBookPlus-Regular_78.png,78
alphabet/train_images/Gotu-Regular_78.png,78
alphabet/train_images/Grandstander-Italic-VariableFont_wght_78.png,78
alphabet/train_images/Hubballi-Regular_78.png,78
alphabet/train_images/IMFellDoublePicaSC-Regular_78.png,78
alphabet/train_images/Italiana-Regular_78.png,78
alphabet/train_images/JuliusSansOne-Regular_78.png,78
alphabet/train_images/KohSantepheap-Bold_78.png,78
alphabet/train_images/Koulen-Regular_78.png,78
alphabet/train_images/Lateef-ExtraBold_78.png,78
alphabet/train_images/Lato-Black_78.png,78
alphabet/train_images/Lato-BoldItalic_78.png,78
alphabet/train_images/Lato-Bold_78.png,78
alphabet/train_images/Lato-Light_78.png,78
alphabet/train_images/Lato-Regular_78.png,78
alphabet/train_images/Merienda-VariableFont_wght_78.png,78
alphabet/train_images/Montserrat-Italic-VariableFont_wght_78.png,78
alphabet/train_images/NovaCut-Regular_78.png,78
alphabet/train_images/NovaMono-Regular_78.png,78
"alphabet/train_images/OpenSans-Italic-VariableFont_wdth,wght_78.png",78
alphabet/train_images/OverpassMono-VariableFont_wght_78.png,78
alphabet/train_images/Oxanium-VariableFont_wght_78.png,78
alphabet/train_images/Paprika-Regular_78.png,78
alphabet/train_images/Phudu-VariableFont_wght_78.png,78
alphabet/train_images/PoiretOne-Regular_78.png,78
alphabet/train_images/Prompt-BlackItalic_78.png,78
alphabet/train_images/PTSansNarrow-Bold_78.png,78
alphabet/train_images/PurplePurse-Regular_78.png,78
alphabet/train_images/RobotoMono-Italic-VariableFont_wght_78.png,78
alphabet/train_images/Rubik-VariableFont_wght_78.png,78
alphabet/train_images/Sansita-Italic_78.png,78
alphabet/train_images/ShadowsIntoLight-Regular_78.png,78
alphabet/train_images/ShortBaby_78.png,78
alphabet/train_images/SigmarOne-Regular_78.png,78
alphabet/train_images/SofadiOne-Regular_78.png,78
alphabet/train_images/Sofia-Regular_78.png,78
alphabet/train_images/SourceCodePro-Italic-VariableFont_wght_78.png,78
alphabet/train_images/SuezOne-Regular_78.png,78
alphabet/train_images/Suwannaphum-Regular_78.png,78
alphabet/train_images/Syncopate-Bold_78.png,78
alphabet/train_images/TitilliumWeb-BoldItalic_78.png,78
alphabet/train_images/Unbounded-VariableFont_wght_78.png,78
alphabet/train_images/YatraOne-Regular_78.png,78
alphabet/train_images/YoungSerif-Regular_78.png,78
alphabet/train_images/YujiSyuku-Regular_78.png,78
alphabet/train_images/ZCOOLXiaoWei-Regular_78.png,78
alphabet/train_images/Alef-Bold_79.png,79
alphabet/train_images/Alice-Regular_79.png,79
"alphabet/train_images/AnekGurmukhi-VariableFont_wdth,wght_79.png",79
alphabet/train_images/AsapCondensed-Black_79.png,79
alphabet/train_images/Asar-Regular_79.png,79
alphabet/train_images/CinzelDecorative-Bold_79.png,79
alphabet/train_images/ComicNeue-LightItalic_79.png,79
alphabet/train_images/CormorantGaramond-Regular_79.png,79
alphabet/train_images/CormorantSC-Regular_79.png,79
alphabet/train_images/Delius-Regular_79.png,79
alphabet/train_images/DenkOne-Regular_79.png,79
alphabet/train_images/Dhurjati-Regular_79.png,79
alphabet/train_images/DMMono-LightItalic_79.png,79
alphabet/train_images/Eczar-VariableFont_wght_79.png,79
alphabet/train_images/FaunaOne-Regular_79.png,79
alphabet/train_images/FjordOne-Regular_79.png,79
alphabet/train_images/Fondamento-Regular_79.png,79
alphabet/train_images/Gabriela-Regular_79.png,79
alphabet/train_images/Galdeano-Regular_79.png,79
alphabet/train_images/Gayathri-Regular_79.png,79
alphabet/train_images/GentiumBookPlus-Regular_79.png,79
alphabet/train_images/Gotu-Regular_79.png,79
alphabet/train_images/Grandstander-Italic-VariableFont_wght_79.png,79
alphabet/train_images/Hubballi-Regular_79.png,79
alphabet/train_images/IMFellDoublePicaSC-Regular_79.png,79
alphabet/train_images/Italiana-Regular_79.png,79
alphabet/train_images/JuliusSansOne-Regular_79.png,79
alphabet/train_images/KohSantepheap-Bold_79.png,79
alphabet/train_images/Koulen-Regular_79.png,79
alphabet/train_images/Lateef-ExtraBold_79.png,79
alphabet/train_images/Lato-Black_79.png,79
alphabet/train_images/Lato-BoldItalic_79.png,79
alphabet/train_images/Lato-Bold_79.png,79
alphabet/train_images/Lato-Light_79.png,79
alphabet/train_images/Lato-Regular_79.png,79
alphabet/train_images/Merienda-VariableFont_wght_79.png,79
alphabet/train_images/Montserrat-Italic-VariableFont_wght_79.png,79
alphabet/train_images/NovaCut-Regular_79.png,79
alphabet/train_images/NovaMono-Regular_79.png,79
"alphabet/train_images/OpenSans-Italic-VariableFont_wdth,wght_79.png",79
alphabet/train_images/OverpassMono-VariableFont_wght_79.png,79
alphabet/train_images/Oxanium-VariableFont_wght_79.png,79
alphabet/train_images/Paprika-Regular_79.png,79
alphabet/train_images/Phudu-VariableFont_wght_79.png,79
alphabet/train_images/PoiretOne-Regular_79.png,79
alphabet/train_images/Prompt-BlackItalic_79.png,79
alphabet/train_images/PTSansNarrow-Bold_79.png,79
alphabet/train_images/PurplePurse-Regular_79.png,79
alphabet/train_images/RobotoMono-Italic-VariableFont_wght_79.png,79
alphabet/train_images/Rubik-VariableFont_wght_79.png,79
alphabet/train_images/Sansita-Italic_79.png,79
alphabet/train_images/ShadowsIntoLight-Regular_79.png,79
alphabet/train_images/ShortBaby_79.png,79
alphabet/train_images/SigmarOne-Regular_79.png,79
alphabet/train_images/SofadiOne-Regular_79.png,79
alphabet/train_images/Sofia-Regular_79.png,79
alphabet/train_images/SourceCodePro-Italic-VariableFont_wght_79.png,79
alphabet/train_images/SuezOne-Regular_79.png,79
alphabet/train_images/Suwannaphum-Regular_79.png,79
alphabet/train_images/Syncopate-Bold_79.png,79
alphabet/train_images/TitilliumWeb-BoldItalic_79.png,79
alphabet/train_images/Unbounded-VariableFont_wght_79.png,79
alphabet/train_images/YatraOne-Regular_79.png,79
alphabet/train_images/YoungSerif-Regular_79.png,79
alphabet/train_images/YujiSyuku-Regular_79.png,79
alphabet/train_images/ZCOOLXiaoWei-Regular_79.png,79
alphabet/train_images/Alef-Bold_80.png,80
alphabet/train_images/Alice-Regular_80.png,80
"alphabet/train_images/AnekGurmukhi-VariableFont_wdth,wght_80.png",80
alphabet/train_images/AsapCondensed-Black_80.png,80
alphabet/train_images/Asar-Regular_80.png,80
alphabet/train_images/CinzelDecorative-Bold_80.png,80
alphabet/train_images/ComicNeue-LightItalic_80.png,80
alphabet/train_images/CormorantGaramond-Regular_80.png,80
alphabet/train_images/CormorantSC-Regular_80.png,80
alphabet/train_images/Delius-Regular_80.png,80
alphabet/train_images/DenkOne-Regular_80.png,80
alphabet/train_images/Dhurjati-Regular_80.png,80
alphabet/train_images/DMMono-LightItalic_80.png,80
alphabet/train_images/Eczar-VariableFont_wght_80.png,80
alphabet/train_images/FaunaOne-Regular_80.png,80
alphabet/train_images/FjordOne-Regular_80.png,80
alphabet/train_images/Fondamento-Regular_80.png,80
alphabet/train_images/Gabriela-Regular_80.png,80
alphabet/train_images/Galdeano-Regular_80.png,80
alphabet/train_images/Gayathri-Regular_80.png,80
alphabet/train_images/GentiumBookPlus-Regular_80.png,80
alphabet/train_images/Gotu-Regular_80.png,80
alphabet/train_images/Grandstander-Italic-VariableFont_wght_80.png,80
alphabet/train_images/Hubballi-Regular_80.png,80
alphabet/train_images/IMFellDoublePicaSC-Regular_80.png,80
alphabet/train_images/Italiana-Regular_80.png,80
alphabet/train_images/JuliusSansOne-Regular_80.png,80
alphabet/train_images/KohSantepheap-Bold_80.png,80
alphabet/train_images/Koulen-Regular_80.png,80
alphabet/train_images/Lateef-ExtraBold_80.png,80
alphabet/train_images/Lato-Black_80.png,80
alphabet/train_images/Lato-BoldItalic_80.png,80
alphabet/train_images/Lato-Bold_80.png,80
alphabet/train_images/Lato-Light_80.png,80
alphabet/train_images/Lato-Regular_80.png,80
alphabet/train_images/Merienda-VariableFont_wght_80.png,80
alphabet/train_images/Montserrat-Italic-VariableFont_wght_80.png,80
alphabet/train_images/NovaCut-Regular_80.png,80
alphabet/train_images/NovaMono-Regular_80.png,80
"alphabet/train_images/OpenSans-Italic-VariableFont_wdth,wght_80.png",80
alphabet/train_images/OverpassMono-VariableFont_wght_80.png,80
alphabet/train_images/Oxanium-VariableFont_wght_80.png,80
alphabet/train_images/Paprika-Regular_80.png,80
alphabet/train_images/Phudu-VariableFont_wght_80.png,80
alphabet/train_images/PoiretOne-Regular_80.png,80
alphabet/train_images/Prompt-BlackItalic_80.png,80
alphabet/train_images/PTSansNarrow-Bold_80.png,80
alphabet/train_images/PurplePurse-Regular_80.png,80
alphabet/train_images/RobotoMono-Italic-VariableFont_wght_80.png,80
alphabet/train_images/Rubik-VariableFont_wght_80.png,80
alphabet/train_images/Sansita-Italic_80.png,80
alphabet/train_images/ShadowsIntoLight-Regular_80.png,80
alphabet/train_images/ShortBaby_80.png,80
alphabet/train_images/SigmarOne-Regular_80.png,80
alphabet/train_images/SofadiOne-Regular_80.png,80
alphabet/train_images/Sofia-Regular_80.png,80
alphabet/train_images/SourceCodePro-Italic-VariableFont_wght_80.png,80
alphabet/train_images/SuezOne-Regular_80.png,80
alphabet/train_images/Suwannaphum-Regular_80.png,80
alphabet/train_images/Syncopate-Bold_80.png,80
alphabet/train_images/TitilliumWeb-BoldItalic_80.png,80
alphabet/train_images/Unbounded-VariableFont_wght_80.png,80
alphabet/train_images/YatraOne-Regular_80.png,80
alphabet/train_images/YoungSerif-Regular_80.png,80
alphabet/train_images/YujiSyuku-Regular_80.png,80
alphabet/train_images/ZCOOLXiaoWei-Regular_80.png,80
alphabet/train_images/Alef-Bold_81.png,81
alphabet/train_images/Alice-Regular_81.png,81
"alphabet/train_images/AnekGurmukhi-VariableFont_wdth,wght_81.png",81
alphabet/train_images/AsapCondensed-Black_81.png,81
alphabet/train_images/Asar-Regular_81.png,81
alphabet/train_images/CinzelDecorative-Bold_81.png,81
alphabet/train_images/ComicNeue-LightItalic_81.png,81
alphabet/train_images/CormorantGaramond-Regular_81.png,81
alphabet/train_images/CormorantSC-Regular_81.png,81
alphabet/train_images/Delius-Regular_81.png,81
alphabet/train_images/DenkOne-Regular_81.png,81
alphabet/train_images/Dhurjati-Regular_81.png,81
alphabet/train_images/DMMono-LightItalic_81.png,81
alphabet/train_images/Eczar-VariableFont_wght_81.png,81
alphabet/train_images/FaunaOne-Regular_81.png,81
alphabet/train_images/FjordOne-Regular_81.png,81
alphabet/train_images/Fondamento-Regular_81.png,81
alphabet/train_images/Gabriela-Regular_81.png,81
alphabet/train_images/Galdeano-Regular_81.png,81
alphabet/train_images/Gayathri-Regular_81.png,81
alphabet/train_images/GentiumBookPlus-Regular_81.png,81
alphabet/train_images/Gotu-Regular_81.png,81
alphabet/train_images/Grandstander-Italic-VariableFont_wght_81.png,81
alphabet/train_images/Hubballi-Regular_81.png,81
alphabet/train_images/IMFellDoublePicaSC-Regular_81.png,81
alphabet/train_images/Italiana-Regular_81.png,81
alphabet/train_images/JuliusSansOne-Regular_81.png,81
alphabet/train_images/KohSantepheap-Bold_81.png,81
alphabet/train_images/Koulen-Regular_81.png,81
alphabet/train_images/Lateef-ExtraBold_81.png,81
alphabet/train_images/Lato-Black_81.png,81
alphabet/train_images/Lato-BoldItalic_81.png,81
alphabet/train_images/Lato-Bold_81.png,81
alphabet/train_images/Lato-Light_81.png,81
alphabet/train_images/Lato-Regular_81.png,81
alphabet/train_images/Merienda-VariableFont_wght_81.png,81
alphabet/train_images/Montserrat-Italic-VariableFont_wght_81.png,81
alphabet/train_images/NovaCut-Regular_81.png,81
alphabet/train_images/NovaMono-Regular_81.png,81
"alphabet/train_images/OpenSans-Italic-VariableFont_wdth,wght_81.png",81
alphabet/train_images/OverpassMono-VariableFont_wght_81.png,81
alphabet/train_images/Oxanium-VariableFont_wght_81.png,81
alphabet/train_images/Paprika-Regular_81.png,81
alphabet/train_images/Phudu-VariableFont_wght_81.png,81
alphabet/train_images/PoiretOne-Regular_81.png,81
alphabet/train_images/Prompt-BlackItalic_81.png,81
alphabet/train_images/PTSansNarrow-Bold_81.png,81
alphabet/train_images/PurplePurse-Regular_81.png,81
alphabet/train_images/RobotoMono-Italic-VariableFont_wght_81.png,81
alphabet/train_images/Rubik-VariableFont_wght_81.png,81
alphabet/train_images/Sansita-Italic_81.png,81
alphabet/train_images/ShadowsIntoLight-Regular_81.png,81
alphabet/train_images/ShortBaby_81.png,81
alphabet/train_images/SigmarOne-Regular_81.png,81
alphabet/train_images/SofadiOne-Regular_81.png,81
alphabet/train_images/Sofia-Regular_81.png,81
alphabet/train_images/SourceCodePro-Italic-VariableFont_wght_81.png,81
alphabet/train_images/SuezOne-Regular_81.png,81
alphabet/train_images/Suwannaphum-Regular_81.png,81
alphabet/train_images/Syncopate-Bold_81.png,81
alphabet/train_images/TitilliumWeb-BoldItalic_81.png,81
alphabet/train_images/Unbounded-VariableFont_wght_81.png,81
alphabet/train_images/YatraOne-Regular_81.png,81
alphabet/train_images/YoungSerif-Regular_81.png,81
alphabet/train_images/YujiSyuku-Regular_81.png,81
alphabet/train_images/ZCOOLXiaoWei-Regular_81.png,81
alphabet/train_images/Alef-Bold_82.png,82
alphabet/train_images/Alice-Regular_82.png,82
"alphabet/train_images/AnekGurmukhi-VariableFont_wdth,wght_82.png",82
alphabet/train_images/AsapCondensed-Black_82.png,82
alphabet/train_images/Asar-Regular_82.png,82
alphabet/train_images/CinzelDecorative-Bold_82.png,82
alphabet/train_images/ComicNeue-LightItalic_82.png,82
alphabet/train_images/CormorantGaramond-Regular_82.png,82
alphabet/train_images/CormorantSC-Regular_82.png,82
alphabet/train_images/Delius-Regular_82.png,82
alphabet/train_images/DenkOne-Regular_82.png,82
alphabet/train_images/Dhurjati-Regular_82.png,82
alphabet/train_images/DMMono-LightItalic_82.png,82
alphabet/train_images/Eczar-VariableFont_wght_82.png,82
alphabet/train_images/FaunaOne-Regular_82.png,82
alphabet/train_images/FjordOne-Regular_82.png,82
alphabet/train_images/Fondamento-Regular_82.png,82
alphabet/train_images/Gabriela-Regular_82.png,82
alphabet/train_images/Galdeano-Regular_82.png,82
alphabet/train_images/Gayathri-Regular_82.png,82
alphabet/train_images/GentiumBookPlus-Regular_82.png,82
alphabet/train_images/Gotu-Regular_82.png,82
alphabet/train_images/Grandstander-Italic-VariableFont_wght_82.png,82
alphabet/train_images/Hubballi-Regular_82.png,82
alphabet/train_images/IMFellDoublePicaSC-Regular_82.png,82
alphabet/train_images/Italiana-Regular_82.png,82
alphabet/train_images/JuliusSansOne-Regular_82.png,82
alphabet/train_images/KohSantepheap-Bold_82.png,82
alphabet/train_images/Koulen-Regular_82.png,82
alphabet/train_images/Lateef-ExtraBold_82.png,82
alphabet/train_images/Lato-Black_82.png,82
alphabet/train_images/Lato-BoldItalic_82.png,82
alphabet/train_images/Lato-Bold_82.png,82
alphabet/train_images/Lato-Light_82.png,82
alphabet/train_images/Lato-Regular_82.png,82
alphabet/train_images/Merienda-VariableFont_wght_82.png,82
alphabet/train_images/Montserrat-Italic-VariableFont_wght_82.png,82
alphabet/train_images/NovaCut-Regular_82.png,82
alphabet/train_images/NovaMono-Regular_82.png,82
"alphabet/train_images/OpenSans-Italic-VariableFont_wdth,wght_82.png",82
alphabet/train_images/OverpassMono-VariableFont_wght_82.png,82
alphabet/train_images/Oxanium-VariableFont_wght_82.png,82
alphabet/train_images/Paprika-Regular_82.png,82
alphabet/train_images/Phudu-VariableFont_wght_82.png,82
alphabet/train_images/PoiretOne-Regular_82.png,82
alphabet/train_images/Prompt-BlackItalic_82.png,82
alphabet/train_images/PTSansNarrow-Bold_82.png,82
alphabet/train_images/PurplePurse-Regular_82.png,82
alphabet/train_images/RobotoMono-Italic-VariableFont_wght_82.png,82
alphabet/train_images/Rubik-VariableFont_wght_82.png,82
alphabet/train_images/Sansita-Italic_82.png,82
alphabet/train_images/ShadowsIntoLight-Regular_82.png,82
alphabet/train_images/ShortBaby_82.png,82
alphabet/train_images/SigmarOne-Regular_82.png,82
alphabet/train_images/SofadiOne-Regular_82.png,82
alphabet/train_images/Sofia-Regular_82.png,82
alphabet/train_images/SourceCodePro-Italic-VariableFont_wght_82.png,82
alphabet/train_images/SuezOne-Regular_82.png,82
alphabet/train_images/Suwannaphum-Regular_82.png,82
alphabet/train_images/Syncopate-Bold_82.png,82
alphabet/train_images/TitilliumWeb-BoldItalic_82.png,82
alphabet/train_images/Unbounded-VariableFont_wght_82.png,82
alphabet/train_images/YatraOne-Regular_82.png,82
alphabet/train_images/YoungSerif-Regular_82.png,82
alphabet/train_images/YujiSyuku-Regular_82.png,82
alphabet/train_images/ZCOOLXiaoWei-Regular_82.png,82
alphabet/train_images/Alef-Bold_83.png,83
alphabet/train_images/Alice-Regular_83.png,83
"alphabet/train_images/AnekGurmukhi-VariableFont_wdth,wght_83.png",83
alphabet/train_images/AsapCondensed-Black_83.png,83
alphabet/train_images/Asar-Regular_83.png,83
alphabet/train_images/CinzelDecorative-Bold_83.png,83
alphabet/train_images/ComicNeue-LightItalic_83.png,83
alphabet/train_images/CormorantGaramond-Regular_83.png,83
alphabet/train_images/CormorantSC-Regular_83.png,83
alphabet/train_images/Delius-Regular_83.png,83
alphabet/train_images/DenkOne-Regular_83.png,83
alphabet/train_images/Dhurjati-Regular_83.png,83
alphabet/train_images/DMMono-LightItalic_83.png,83
alphabet/train_images/Eczar-VariableFont_wght_83.png,83
alphabet/train_images/FaunaOne-Regular_83.png,83
alphabet/train_images/FjordOne-Regular_83.png,83
alphabet/train_images/Fondamento-Regular_83.png,83
alphabet/train_images/Gabriela-Regular_83.png,83
alphabet/train_images/Galdeano-Regular_83.png,83
alphabet/train_images/Gayathri-Regular_83.png,83
alphabet/train_images/GentiumBookPlus-Regular_83.png,83
alphabet/train_images/Gotu-Regular_83.png,83
alphabet/train_images/Grandstander-Italic-VariableFont_wght_83.png,83
alphabet/train_images/Hubballi-Regular_83.png,83
alphabet/train_images/IMFellDoublePicaSC-Regular_83.png,83
alphabet/train_images/Italiana-Regular_83.png,83
alphabet/train_images/JuliusSansOne-Regular_83.png,83
alphabet/train_images/KohSantepheap-Bold_83.png,83
alphabet/train_images/Koulen-Regular_83.png,83
alphabet/train_images/Lateef-ExtraBold_83.png,83
alphabet/train_images/Lato-Black_83.png,83
alphabet/train_images/Lato-BoldItalic_83.png,83
alphabet/train_images/Lato-Bold_83.png,83
alphabet/train_images/Lato-Light_83.png,83
alphabet/train_images/Lato-Regular_83.png,83
alphabet/train_images/Merienda-VariableFont_wght_83.png,83
alphabet/train_images/Montserrat-Italic-VariableFont_wght_83.png,83
alphabet/train_images/NovaCut-Regular_83.png,83
alphabet/train_images/NovaMono-Regular_83.png,83
"alphabet/train_images/OpenSans-Italic-VariableFont_wdth,wght_83.png",83
alphabet/train_images/OverpassMono-VariableFont_wght_83.png,83
alphabet/train_images/Oxanium-VariableFont_wght_83.png,83
alphabet/train_images/Paprika-Regular_83.png,83
alphabet/train_images/Phudu-VariableFont_wght_83.png,83
alphabet/train_images/PoiretOne-Regular_83.png,83
alphabet/train_images/Prompt-BlackItalic_83.png,83
alphabet/train_images/PTSansNarrow-Bold_83.png,83
alphabet/train_images/PurplePurse-Regular_83.png,83
alphabet/train_images/RobotoMono-Italic-VariableFont_wght_83.png,83
alphabet/train_images/Rubik-VariableFont_wght_83.png,83
alphabet/train_images/Sansita-Italic_83.png,83
alphabet/train_images/ShadowsIntoLight-Regular_83.png,83
alphabet/train_images/ShortBaby_83.png,83
alphabet/train_images/SigmarOne-Regular_83.png,83
alphabet/train_images/SofadiOne-Regular_83.png,83
alphabet/train_images/Sofia-Regular_83.png,83
alphabet/train_images/SourceCodePro-Italic-VariableFont_wght_83.png,83
alphabet/train_images/SuezOne-Regular_83.png,83
alphabet/train_images/Suwannaphum-Regular_83.png,83
alphabet/train_images/Syncopate-Bold_83.png,83
alphabet/train_images/TitilliumWeb-BoldItalic_83.png,83
alphabet/train_images/Unbounded-VariableFont_wght_83.png,83
alphabet/train_images/YatraOne-Regular_83.png,83
alphabet/train_images/YoungSerif-Regular_83.png,83
alphabet/train_images/YujiSyuku-Regular_83.png,83
alphabet/train_images/ZCOOLXiaoWei-Regular_83.png,83
alphabet/train_images/Alef-Bold_84.png,84
alphabet/train_images/Alice-Regular_84.png,84
"alphabet/train_images/AnekGurmukhi-VariableFont_wdth,wght_84.png",84
alphabet/train_images/AsapCondensed-Black_84.png,84
alphabet/train_images/Asar-Regular_84.png,84
alphabet/train_images/CinzelDecorative-Bold_84.png,84
alphabet/train_images/ComicNeue-LightItalic_84.png,84
alphabet/train_images/CormorantGaramond-Regular_84.png,84
alphabet/train_images/CormorantSC-Regular_84.png,84
alphabet/train_images/Delius-Regular_84.png,84
alphabet/train_images/DenkOne-Regular_84.png,84
alphabet/train_images/Dhurjati-Regular_84.png,84
alphabet/train_images/DMMono-LightItalic_84.png,84
alphabet/train_images/Eczar-VariableFont_wght_84.png,84
alphabet/train_images/FaunaOne-Regular_84.png,84
alphabet/train_images/FjordOne-Regular_84.png,84
alphabet/train_images/Fondamento-Regular_84.png,84
alphabet/train_images/Gabriela-Regular_84.png,84
alphabet/train_images/Galdeano-Regular_84.png,84
alphabet/train_images/Gayathri-Regular_84.png,84
alphabet/train_images/GentiumBookPlus-Regular_84.png,84
alphabet/train_images/Gotu-Regular_84.png,84
alphabet/train_images/Grandstander-Italic-VariableFont_wght_84.png,84
alphabet/train_images/Hubballi-Regular_84.png,84
alphabet/train_images/IMFellDoublePicaSC-Regular_84.png,84
alphabet/train_images/Italiana-Regular_84.png,84
alphabet/train_images/JuliusSansOne-Regular_84.png,84
alphabet/train_images/KohSantepheap-Bold_84.png,84
alphabet/train_images/Koulen-Regular_84.png,84
alphabet/train_images/Lateef-ExtraBold_84.png,84
alphabet/train_images/Lato-Black_84.png,84
alphabet/train_images/Lato-BoldItalic_84.png,84
alphabet/train_images/Lato-Bold_84.png,84
alphabet/train_images/Lato-Light_84.png,84
alphabet/train_images/Lato-Regular_84.png,84
alphabet/train_images/Merienda-VariableFont_wght_84.png,84
alphabet/train_images/Montserrat-Italic-VariableFont_wght_84.png,84
alphabet/train_images/NovaCut-Regular_84.png,84
alphabet/train_images/NovaMono-Regular_84.png,84
"alphabet/train_images/OpenSans-Italic-VariableFont_wdth,wght_84.png",84
alphabet/train_images/OverpassMono-VariableFont_wght_84.png,84
alphabet/train_images/Oxanium-VariableFont_wght_84.png,84
alphabet/train_images/Paprika-Regular_84.png,84
alphabet/train_images/Phudu-VariableFont_wght_84.png,84
alphabet/train_images/PoiretOne-Regular_84.png,84
alphabet/train_images/Prompt-BlackItalic_84.png,84
alphabet/train_images/PTSansNarrow-Bold_84.png,84
alphabet/train_images/PurplePurse-Regular_84.png,84
alphabet/train_images/RobotoMono-Italic-VariableFont_wght_84.png,84
alphabet/train_images/Rubik-VariableFont_wght_84.png,84
alphabet/train_images/Sansita-Italic_84.png,84
alphabet/train_images/ShadowsIntoLight-Regular_84.png,84
alphabet/train_images/ShortBaby_84.png,84
alphabet/train_images/SigmarOne-Regular_84.png,84
alphabet/train_images/SofadiOne-Regular_84.png,84
alphabet/train_images/Sofia-Regular_84.png,84
alphabet/train_images/SourceCodePro-Italic-VariableFont_wght_84.png,84
alphabet/train_images/SuezOne-Regular_84.png,84
alphabet/train_images/Suwannaphum-Regular_84.png,84
alphabet/train_images/Syncopate-Bold_84.png,84
alphabet/train_images/TitilliumWeb-BoldItalic_84.png,84
alphabet/train_images/Unbounded-VariableFont_wght_84.png,84
alphabet/train_images/YatraOne-Regular_84.png,84
alphabet/train_images/YoungSerif-Regular_84.png,84
alphabet/train_images/YujiSyuku-Regular_84.png,84
alphabet/train_images/ZCOOLXiaoWei-Regular_84.png,84
alphabet/train_images/Alef-Bold_85.png,85
alphabet/train_images/Alice-Regular_85.png,85
"alphabet/train_images/AnekGurmukhi-VariableFont_wdth,wght_85.png",85
alphabet/train_images/AsapCondensed-Black_85.png,85
alphabet/train_images/Asar-Regular_85.png,85
alphabet/train_images/CinzelDecorative-Bold_85.png,85
alphabet/train_images/ComicNeue-LightItalic_85.png,85
alphabet/train_images/CormorantGaramond-Regular_85.png,85
alphabet/train_images/CormorantSC-Regular_85.png,85
alphabet/train_images/Delius-Regular_85.png,85
alphabet/train_images/DenkOne-Regular_85.png,85
alphabet/train_images/Dhurjati-Regular_85.png,85
alphabet/train_images/DMMono-LightItalic_85.png,85
alphabet/train_images/Eczar-VariableFont_wght_85.png,85
alphabet/train_images/FaunaOne-Regular_85.png,85
alphabet/train_images/FjordOne-Regular_85.png,85
alphabet/train_images/Fondamento-Regular_85.png,85
alphabet/train_images/Gabriela-Regular_85.png,85
alphabet/train_images/Galdeano-Regular_85.png,85
alphabet/train_images/Gayathri-Regular_85.png,85
alphabet/train_images/GentiumBookPlus-Regular_85.png,85
alphabet/train_images/Gotu-Regular_85.png,85
alphabet/train_images/Grandstander-Italic-VariableFont_wght_85.png,85
alphabet/train_images/Hubballi-Regular_85.png,85
alphabet/train_images/IMFellDoublePicaSC-Regular_85.png,85
alphabet/train_images/Italiana-Regular_85.png,85
alphabet/train_images/JuliusSansOne-Regular_85.png,85
alphabet/train_images/KohSantepheap-Bold_85.png,85
alphabet/train_images/Koulen-Regular_85.png,85
alphabet/train_images/Lateef-ExtraBold_85.png,85
alphabet/train_images/Lato-Black_85.png,85
alphabet/train_images/Lato-BoldItalic_85.png,85
alphabet/train_images/Lato-Bold_85.png,85
alphabet/train_images/Lato-Light_85.png,85
alphabet/train_images/Lato-Regular_85.png,85
alphabet/train_images/Merienda-VariableFont_wght_85.png,85
alphabet/train_images/Montserrat-Italic-VariableFont_wght_85.png,85
alphabet/train_images/NovaCut-Regular_85.png,85
alphabet/train_images/NovaMono-Regular_85.png,85
"alphabet/train_images/OpenSans-Italic-VariableFont_wdth,wght_85.png",85
alphabet/train_images/OverpassMono-VariableFont_wght_85.png,85
alphabet/train_images/Oxanium-VariableFont_wght_85.png,85
alphabet/train_images/Paprika-Regular_85.png,85
alphabet/train_images/Phudu-VariableFont_wght_85.png,85
alphabet/train_images/PoiretOne-Regular_85.png,85
alphabet/train_images/Prompt-BlackItalic_85.png,85
alphabet/train_images/PTSansNarrow-Bold_85.png,85
alphabet/train_images/PurplePurse-Regular_85.png,85
alphabet/train_images/RobotoMono-Italic-VariableFont_wght_85.png,85
alphabet/train_images/Rubik-VariableFont_wght_85.png,85
alphabet/train_images/Sansita-Italic_85.png,85
alphabet/train_images/ShadowsIntoLight-Regular_85.png,85
alphabet/train_images/ShortBaby_85.png,85
alphabet/train_images/SigmarOne-Regular_85.png,85
alphabet/train_images/SofadiOne-Regular_85.png,85
alphabet/train_images/Sofia-Regular_85.png,85
alphabet/train_images/SourceCodePro-Italic-VariableFont_wght_85.png,85
alphabet/train_images/SuezOne-Regular_85.png,85
alphabet/train_images/Suwannaphum-Regular_85.png,85
alphabet/train_images/Syncopate-Bold_85.png,85
alphabet/train_images/TitilliumWeb-BoldItalic_85.png,85
alphabet/train_images/Unbounded-VariableFont_wght_85.png,85
alphabet/train_images/YatraOne-Regular_85.png,85
alphabet/train_images/YoungSerif-Regular_85.png,85
alphabet/train_images/YujiSyuku-Regular_85.png,85
alphabet/train_images/ZCOOLXiaoWei-Regular_85.png,85
alphabet/train_images/Alef-Bold_86.png,86
alphabet/train_images/Alice-Regular_86.png,86
"alphabet/train_images/AnekGurmukhi-VariableFont_wdth,wght_86.png",86
alphabet/train_images/AsapCondensed-Black_86.png,86
alphabet/train_images/Asar-Regular_86.png,86
alphabet/train_images/CinzelDecorative-Bold_86.png,86
alphabet/train_images/ComicNeue-LightItalic_86.png,86
alphabet/train_images/CormorantGaramond-Regular_86.png,86
alphabet/train_images/CormorantSC-Regular_86.png,86
alphabet/train_images/Delius-Regular_86.png,86
alphabet/train_images/DenkOne-Regular_86.png,86
alphabet/train_images/Dhurjati-Regular_86.png,86
alphabet/train_images/DMMono-LightItalic_86.png,86
alphabet/train_images/Eczar-VariableFont_wght_86.png,86
alphabet/train_images/FaunaOne-Regular_86.png,86
alphabet/train_images/FjordOne-Regular_86.png,86
alphabet/train_images/Fondamento-Regular_86.png,86
alphabet/train_images/Gabriela-Regular_86.png,86
alphabet/train_images/Galdeano-Regular_86.png,86
alphabet/train_images/Gayathri-Regular_86.png,86
alphabet/train_images/GentiumBookPlus-Regular_86.png,86
alphabet/train_images/Gotu-Regular_86.png,86
alphabet/train_images/Grandstander-Italic-VariableFont_wght_86.png,86
alphabet/train_images/Hubballi-Regular_86.png,86
alphabet/train_images/IMFellDoublePicaSC-Regular_86.png,86
alphabet/train_images/Italiana-Regular_86.png,86
alphabet/train_images/JuliusSansOne-Regular_86.png,86
alphabet/train_images/KohSantepheap-Bold_86.png,86
alphabet/train_images/Koulen-Regular_86.png,86
alphabet/train_images/Lateef-ExtraBold_86.png,86
alphabet/train_images/Lato-Black_86.png,86
alphabet/train_images/Lato-BoldItalic_86.png,86
alphabet/train_images/Lato-Bold_86.png,86
alphabet/train_images/Lato-Light_86.png,86
alphabet/train_images/Lato-Regular_86.png,86
alphabet/train_images/Merienda-VariableFont_wght_86.png,86
alphabet/train_images/Montserrat-Italic-VariableFont_wght_86.png,86
alphabet/train_images/NovaCut-Regular_86.png,86
alphabet/train_images/NovaMono-Regular_86.png,86
"alphabet/train_images/OpenSans-Italic-VariableFont_wdth,wght_86.png",86
alphabet/train_images/OverpassMono-VariableFont_wght_86.png,86
alphabet/train_images/Oxanium-VariableFont_wght_86.png,86
alphabet/train_images/Paprika-Regular_86.png,86
alphabet/train_images/Phudu-VariableFont_wght_86.png,86
alphabet/train_images/PoiretOne-Regular_86.png,86
alphabet/train_images/Prompt-BlackItalic_86.png,86
alphabet/train_images/PTSansNarrow-Bold_86.png,86
alphabet/train_images/PurplePurse-Regular_86.png,86
alphabet/train_images/RobotoMono-Italic-VariableFont_wght_86.png,86
alphabet/train_images/Rubik-VariableFont_wght_86.png,86
alphabet/train_images/Sansita-Italic_86.png,86
alphabet/train_images/ShadowsIntoLight-Regular_86.png,86
alphabet/train_images/ShortBaby_86.png,86
alphabet/train_images/SigmarOne-Regular_86.png,86
alphabet/train_images/SofadiOne-Regular_86.png,86
alphabet/train_images/Sofia-Regular_86.png,86
alphabet/train_images/SourceCodePro-Italic-VariableFont_wght_86.png,86
alphabet/train_images/SuezOne-Regular_86.png,86
alphabet/train_images/Suwannaphum-Regular_86.png,86
alphabet/train_images/Syncopate-Bold_86.png,86
alphabet/train_images/TitilliumWeb-BoldItalic_86.png,86
alphabet/train_images/Unbounded-VariableFont_wght_86.png,86
alphabet/train_images/YatraOne-Regular_86.png,86
alphabet/train_images/YoungSerif-Regular_86.png,86
alphabet/train_images/YujiSyuku-Regular_86.png,86
alphabet/train_images/ZCOOLXiaoWei-Regular_86.png,86
alphabet/train_images/Alef-Bold_87.png,87
alphabet/train_images/Alice-Regular_87.png,87
"alphabet/train_images/AnekGurmukhi-VariableFont_wdth,wght_87.png",87
alphabet/train_images/AsapCondensed-Black_87.png,87
alphabet/train_images/Asar-Regular_87.png,87
alphabet/train_images/CinzelDecorative-Bold_87.png,87
alphabet/train_images/ComicNeue-LightItalic_87.png,87
alphabet/train_images/CormorantGaramond-Regular_87.png,87
alphabet/train_images/CormorantSC-Regular_87.png,87
alphabet/train_images/Delius-Regular_87.png,87
alphabet/train_images/DenkOne-Regular_87.png,87
alphabet/train_images/Dhurjati-Regular_87.png,87
alphabet/train_images/DMMono-LightItalic_87.png,87
alphabet/train_images/Eczar-VariableFont_wght_87.png,87
alphabet/train_images/FaunaOne-Regular_87.png,87
alphabet/train_images/FjordOne-Regular_87.png,87
alphabet/train_images/Fondamento-Regular_87.png,87
alphabet/train_images/Gabriela-Regular_87.png,87
alphabet/train_images/Galdeano-Regular_87.png,87
alphabet/train_images/Gayathri-Regular_87.png,87
alphabet/train_images/GentiumBookPlus-Regular_87.png,87
alphabet/train_images/Gotu-Regular_87.png,87
alphabet/train_images/Grandstander-Italic-VariableFont_wght_87.png,87
alphabet/train_images/Hubballi-Regular_87.png,87
alphabet/train_images/IMFellDoublePicaSC-Regular_87.png,87
alphabet/train_images/Italiana-Regular_87.png,87
alphabet/train_images/JuliusSansOne-Regular_87.png,87
alphabet/train_images/KohSantepheap-Bold_87.png,87
alphabet/train_images/Koulen-Regular_87.png,87
alphabet/train_images/Lateef-ExtraBold_87.png,87
alphabet/train_images/Lato-Black_87.png,87
alphabet/train_images/Lato-BoldItalic_87.png,87
alphabet/train_images/Lato-Bold_87.png,87
alphabet/train_images/Lato-Light_87.png,87
alphabet/train_images/Lato-Regular_87.png,87
alphabet/train_images/Merienda-VariableFont_wght_87.png,87
alphabet/train_images/Montserrat-Italic-VariableFont_wght_87.png,87
alphabet/train_images/NovaCut-Regular_87.png,87
alphabet/train_images/NovaMono-Regular_87.png,87
"alphabet/train_images/OpenSans-Italic-VariableFont_wdth,wght_87.png",87
alphabet/train_images/OverpassMono-VariableFont_wght_87.png,87
alphabet/train_images/Oxanium-VariableFont_wght_87.png,87
alphabet/train_images/Paprika-Regular_87.png,87
alphabet/train_images/Phudu-VariableFont_wght_87.png,87
alphabet/train_images/PoiretOne-Regular_87.png,87
alphabet/train_images/Prompt-BlackItalic_87.png,87
alphabet/train_images/PTSansNarrow-Bold_87.png,87
alphabet/train_images/PurplePurse-Regular_87.png,87
alphabet/train_images/RobotoMono-Italic-VariableFont_wght_87.png,87
alphabet/train_images/Rubik-VariableFont_wght_87.png,87
alphabet/train_images/Sansita-Italic_87.png,87
alphabet/train_images/ShadowsIntoLight-Regular_87.png,87
alphabet/train_images/ShortBaby_87.png,87
alphabet/train_images/SigmarOne-Regular_87.png,87
alphabet/train_images/SofadiOne-Regular_87.png,87
alphabet/train_images/Sofia-Regular_87.png,87
alphabet/train_images/SourceCodePro-Italic-VariableFont_wght_87.png,87
alphabet/train_images/SuezOne-Regular_87.png,87
alphabet/train_images/Suwannaphum-Regular_87.png,87
alphabet/train_images/Syncopate-Bold_87.png,87
alphabet/train_images/TitilliumWeb-BoldItalic_87.png,87
alphabet/train_images/Unbounded-VariableFont_wght_87.png,87
alphabet/train_images/YatraOne-Regular_87.png,87
alphabet/train_images/YoungSerif-Regular_87.png,87
alphabet/train_images/YujiSyuku-Regular_87.png,87
alphabet/train_images/ZCOOLXiaoWei-Regular_87.png,87
alphabet/train_images/Alef-Bold_88.png,88
alphabet/train_images/Alice-Regular_88.png,88
"alphabet/train_images/AnekGurmukhi-VariableFont_wdth,wght_88.png",88
alphabet/train_images/AsapCondensed-Black_88.png,88
alphabet/train_images/Asar-Regular_88.png,88
alphabet/train_images/CinzelDecorative-Bold_88.png,88
alphabet/train_images/ComicNeue-LightItalic_88.png,88
alphabet/train_images/CormorantGaramond-Regular_88.png,88
alphabet/train_images/CormorantSC-Regular_88.png,88
alphabet/train_images/Delius-Regular_88.png,88
alphabet/train_images/DenkOne-Regular_88.png,88
alphabet/train_images/Dhurjati-Regular_88.png,88
alphabet/train_images/DMMono-LightItalic_88.png,88
alphabet/train_images/Eczar-VariableFont_wght_88.png,88
alphabet/train_images/FaunaOne-Regular_88.png,88
alphabet/train_images/FjordOne-Regular_88.png,88
alphabet/train_images/Fondamento-Regular_88.png,88
alphabet/train_images/Gabriela-Regular_88.png,88
alphabet/train_images/Galdeano-Regular_88.png,88
alphabet/train_images/Gayathri-Regular_88.png,88
alphabet/train_images/GentiumBookPlus-Regular_88.png,88
alphabet/train_images/Gotu-Regular_88.png,88
alphabet/train_images/Grandstander-Italic-VariableFont_wght_88.png,88
alphabet/train_images/Hubballi-Regular_88.png,88
alphabet/train_images/IMFellDoublePicaSC-Regular_88.png,88
alphabet/train_images/Italiana-Regular_88.png,88
alphabet/train_images/JuliusSansOne-Regular_88.png,88
alphabet/train_images/KohSantepheap-Bold_88.png,88
alphabet/train_images/Koulen-Regular_88.png,88
alphabet/train_images/Lateef-ExtraBold_88.png,88
alphabet/train_images/Lato-Black_88.png,88
alphabet/train_images/Lato-BoldItalic_88.png,88
alphabet/train_images/Lato-Bold_88.png,88
alphabet/train_images/Lato-Light_88.png,88
alphabet/train_images/Lato-Regular_88.png,88
alphabet/train_images/Merienda-VariableFont_wght_88.png,88
alphabet/train_images/Montserrat-Italic-VariableFont_wght_88.png,88
alphabet/train_images/NovaCut-Regular_88.png,88
alphabet/train_images/NovaMono-Regular_88.png,88
"alphabet/train_images/OpenSans-Italic-VariableFont_wdth,wght_88.png",88
alphabet/train_images/OverpassMono-VariableFont_wght_88.png,88
alphabet/train_images/Oxanium-VariableFont_wght_88.png,88
alphabet/train_images/Paprika-Regular_88.png,88
alphabet/train_images/Phudu-VariableFont_wght_88.png,88
alphabet/train_images/PoiretOne-Regular_88.png,88
alphabet/train_images/Prompt-BlackItalic_88.png,88
alphabet/train_images/PTSansNarrow-Bold_88.png,88
alphabet/train_images/PurplePurse-Regular_88.png,88
alphabet/train_images/RobotoMono-Italic-VariableFont_wght_88.png,88
alphabet/train_images/Rubik-VariableFont_wght_88.png,88
alphabet/train_images/Sansita-Italic_88.png,88
alphabet/train_images/ShadowsIntoLight-Regular_88.png,88
alphabet/train_images/ShortBaby_88.png,88
alphabet/train_images/SigmarOne-Regular_88.png,88
alphabet/train_images/SofadiOne-Regular_88.png,88
alphabet/train_images/Sofia-Regular_88.png,88
alphabet/train_images/SourceCodePro-Italic-VariableFont_wght_88.png,88
alphabet/train_images/SuezOne-Regular_88.png,88
alphabet/train_images/Suwannaphum-Regular_88.png,88
alphabet/train_images/Syncopate-Bold_88.png,88
alphabet/train_images/TitilliumWeb-BoldItalic_88.png,88
alphabet/train_images/Unbounded-VariableFont_wght_88.png,88
alphabet/train_images/YatraOne-Regular_88.png,88
alphabet/train_images/YoungSerif-Regular_88.png,88
alphabet/train_images/YujiSyuku-Regular_88.png,88
alphabet/train_images/ZCOOLXiaoWei-Regular_88.png,88
alphabet/train_images/Alef-Bold_89.png,89
alphabet/train_images/Alice-Regular_89.png,89
"alphabet/train_images/AnekGurmukhi-VariableFont_wdth,wght_89.png",89
alphabet/train_images/AsapCondensed-Black_89.png,89
alphabet/train_images/Asar-Regular_89.png,89
alphabet/train_images/CinzelDecorative-Bold_89.png,89
alphabet/train_images/ComicNeue-LightItalic_89.png,89
alphabet/train_images/CormorantGaramond-Regular_89.png,89
alphabet/train_images/CormorantSC-Regular_89.png,89
alphabet/train_images/Delius-Regular_89.png,89
alphabet/train_images/DenkOne-Regular_89.png,89
alphabet/train_images/Dhurjati-Regular_89.png,89
alphabet/train_images/DMMono-LightItalic_89.png,89
alphabet/train_images/Eczar-VariableFont_wght_89.png,89
alphabet/train_images/FaunaOne-Regular_89.png,89
alphabet/train_images/FjordOne-Regular_89.png,89
alphabet/train_images/Fondamento-Regular_89.png,89
alphabet/train_images/Gabriela-Regular_89.png,89
alphabet/train_images/Galdeano-Regular_89.png,89
alphabet/train_images/Gayathri-Regular_89.png,89
alphabet/train_images/GentiumBookPlus-Regular_89.png,89
alphabet/train_images/Gotu-Regular_89.png,89
alphabet/train_images/Grandstander-Italic-VariableFont_wght_89.png,89
alphabet/train_images/Hubballi-Regular_89.png,89
alphabet/train_images/IMFellDoublePicaSC-Regular_89.png,89
alphabet/train_images/Italiana-Regular_89.png,89
alphabet/train_images/JuliusSansOne-Regular_89.png,89
alphabet/train_images/KohSantepheap-Bold_89.png,89
alphabet/train_images/Koulen-Regular_89.png,89
alphabet/train_images/Lateef-ExtraBold_89.png,89
alphabet/train_images/Lato-Black_89.png,89
alphabet/train_images/Lato-BoldItalic_89.png,89
alphabet/train_images/Lato-Bold_89.png,89
alphabet/train_images/Lato-Light_89.png,89
alphabet/train_images/Lato-Regular_89.png,89
alphabet/train_images/Merienda-VariableFont_wght_89.png,89
alphabet/train_images/Montserrat-Italic-VariableFont_wght_89.png,89
alphabet/train_images/NovaCut-Regular_89.png,89
alphabet/train_images/NovaMono-Regular_89.png,89
"alphabet/train_images/OpenSans-Italic-VariableFont_wdth,wght_89.png",89
alphabet/train_images/OverpassMono-VariableFont_wght_89.png,89
alphabet/train_images/Oxanium-VariableFont_wght_89.png,89
alphabet/train_images/Paprika-Regular_89.png,89
alphabet/train_images/Phudu-VariableFont_wght_89.png,89
alphabet/train_images/PoiretOne-Regular_89.png,89
alphabet/train_images/Prompt-BlackItalic_89.png,89
alphabet/train_images/PTSansNarrow-Bold_89.png,89
alphabet/train_images/PurplePurse-Regular_89.png,89
alphabet/train_images/RobotoMono-Italic-VariableFont_wght_89.png,89
alphabet/train_images/Rubik-VariableFont_wght_89.png,89
alphabet/train_images/Sansita-Italic_89.png,89
alphabet/train_images/ShadowsIntoLight-Regular_89.png,89
alphabet/train_images/ShortBaby_89.png,89
alphabet/train_images/SigmarOne-Regular_89.png,89
alphabet/train_images/SofadiOne-Regular_89.png,89
alphabet/train_images/Sofia-Regular_89.png,89
alphabet/train_images/SourceCodePro-Italic-VariableFont_wght_89.png,89
alphabet/train_images/SuezOne-Regular_89.png,89
alphabet/train_images/Suwannaphum-Regular_89.png,89
alphabet/train_images/Syncopate-Bold_89.png,89
alphabet/train_images/TitilliumWeb-BoldItalic_89.png,89
alphabet/train_images/Unbounded-VariableFont_wght_89.png,89
alphabet/train_images/YatraOne-Regular_89.png,89
alphabet/train_images/YoungSerif-Regular_89.png,89
alphabet/train_images/YujiSyuku-Regular_89.png,89
alphabet/train_images/ZCOOLXiaoWei-Regular_89.png,89
alphabet/train_images/Alef-Bold_90.png,90
alphabet/train_images/Alice-Regular_90.png,90
"alphabet/train_images/AnekGurmukhi-VariableFont_wdth,wght_90.png",90
alphabet/train_images/AsapCondensed-Black_90.png,90
alphabet/train_images/Asar-Regular_90.png,90
alphabet/train_images/CinzelDecorative-Bold_90.png,90
alphabet/train_images/ComicNeue-LightItalic_90.png,90
alphabet/train_images/CormorantGaramond-Regular_90.png,90
alphabet/train_images/CormorantSC-Regular_90.png,90
alphabet/train_images/Delius-Regular_90.png,90
alphabet/train_images/DenkOne-Regular_90.png,90
alphabet/train_images/Dhurjati-Regular_90.png,90
alphabet/train_images/DMMono-LightItalic_90.png,90
alphabet/train_images/Eczar-VariableFont_wght_90.png,90
alphabet/train_images/FaunaOne-Regular_90.png,90
alphabet/train_images/FjordOne-Regular_90.png,90
alphabet/train_images/Fondamento-Regular_90.png,90
alphabet/train_images/Gabriela-Regular_90.png,90
alphabet/train_images/Galdeano-Regular_90.png,90
alphabet/train_images/Gayathri-Regular_90.png,90
alphabet/train_images/GentiumBookPlus-Regular_90.png,90
alphabet/train_images/Gotu-Regular_90.png,90
alphabet/train_images/Grandstander-Italic-VariableFont_wght_90.png,90
alphabet/train_images/Hubballi-Regular_90.png,90
alphabet/train_images/IMFellDoublePicaSC-Regular_90.png,90
alphabet/train_images/Italiana-Regular_90.png,90
alphabet/train_images/JuliusSansOne-Regular_90.png,90
alphabet/train_images/KohSantepheap-Bold_90.png,90
alphabet/train_images/Koulen-Regular_90.png,90
alphabet/train_images/Lateef-ExtraBold_90.png,90
alphabet/train_images/Lato-Black_90.png,90
alphabet/train_images/Lato-BoldItalic_90.png,90
alphabet/train_images/Lato-Bold_90.png,90
alphabet/train_images/Lato-Light_90.png,90
alphabet/train_images/Lato-Regular_90.png,90
alphabet/train_images/Merienda-VariableFont_wght_90.png,90
alphabet/train_images/Montserrat-Italic-VariableFont_wght_90.png,90
alphabet/train_images/NovaCut-Regular_90.png,90
alphabet/train_images/NovaMono-Regular_90.png,90
"alphabet/train_images/OpenSans-Italic-VariableFont_wdth,wght_90.png",90
alphabet/train_images/OverpassMono-VariableFont_wght_90.png,90
alphabet/train_images/Oxanium-VariableFont_wght_90.png,90
alphabet/train_images/Paprika-Regular_90.png,90
alphabet/train_images/Phudu-VariableFont_wght_90.png,90
alphabet/train_images/PoiretOne-Regular_90.png,90
alphabet/train_images/Prompt-BlackItalic_90.png,90
alphabet/train_images/PTSansNarrow-Bold_90.png,90
alphabet/train_images/PurplePurse-Regular_90.png,90
alphabet/train_images/RobotoMono-Italic-VariableFont_wght_90.png,90
alphabet/train_images/Rubik-VariableFont_wght_90.png,90
alphabet/train_images/Sansita-Italic_90.png,90
alphabet/train_images/ShadowsIntoLight-Regular_90.png,90
alphabet/train_images/ShortBaby_90.png,90
alphabet/train_images/SigmarOne-Regular_90.png,90
alphabet/train_images/SofadiOne-Regular_90.png,90
alphabet/train_images/Sofia-Regular_90.png,90
alphabet/train_images/SourceCodePro-Italic-VariableFont_wght_90.png,90
alphabet/train_images/SuezOne-Regular_90.png,90
alphabet/train_images/Suwannaphum-Regular_90.png,90
alphabet/train_images/Syncopate-Bold_90.png,90
alphabet/train_images/TitilliumWeb-BoldItalic_90.png,90
alphabet/train_images/Unbounded-VariableFont_wght_90.png,90
alphabet/train_images/YatraOne-Regular_90.png,90
alphabet/train_images/YoungSerif-Regular_90.png,90
alphabet/train_images/YujiSyuku-Regular_90.png,90
alphabet/train_images/ZCOOLXiaoWei-Regular_90.png,90
